emd_nm,complex_nm,road_nm,bldg_no,glass,pet,plastic,lamp,vinyl,battery,carton,smallappliance,hp,subsidy
광양읍,계원아파트,예구7길,'10,0,0,0,34500,0,12000,28000,0,0,74500
광양읍,계원아파트,예구7길,'10,0,0,0,0,0,0,46000,0,0,46000
광양읍,계원아파트,예구7길,'10,2100,4000,4500,0,0,0,78000,0,0,88600
광양읍,대림아파트,대림오성로,'11,0,0,0,66000,0,0,0,0,0,66000
광양읍,대림아파트,대림오성로,'11,0,0,0,321750,0,30000,0,0,0,351750
광양읍,대림아파트,대림오성로,'11,74200,92000,0,195000,0,144000,24000,0,0,529200
광양읍,대림아파트,대림오성로,'11,7700,84800,0,0,0,0,46000,3000,0,141500
광양읍,대림아파트,대림오성로,'11,17500,110800,0,0,0,0,68000,7500,0,203800
광양읍,대림아파트,대림오성로,'11,28700,104400,0,217500,0,0,60000,5100,0,415700
광양읍,대림아파트,대림오성로,'11,25200,44000,21300,90000,0,0,24000,0,0,204500
광양읍,광양상아아파트,서북2길,'11,0,0,0,0,0,54000,0,0,0,54000
광양읍,광양상아아파트,서북2길,'11,0,0,0,87450,0,0,0,0,0,87450
광양읍,칠성e-편한세상아파트,서북2길,'115,44800,24000,0,0,0,0,0,5700,0,74500
광양읍,칠성e-편한세상아파트,서북2길,'115,21700,11600,0,187500,0,0,0,2700,0,223500
광양읍,칠성e-편한세상아파트,서북2길,'115,43400,23200,0,0,0,0,0,5400,0,72000
광양읍,칠성e-편한세상아파트,서북2길,'115,42000,24400,0,0,0,0,0,5400,0,71800
광양읍,칠성e-편한세상아파트,서북2길,'115,60200,37200,0,0,0,0,0,8100,0,105500
광양읍,칠성e-편한세상아파트,서북2길,'115,40600,24800,0,0,0,0,0,5100,0,70500
광양읍,칠성e-편한세상아파트,서북2길,'115,20300,12800,0,0,0,0,0,2700,0,35800
광양읍,칠성e-편한세상아파트,서북2길,'115,44800,24000,0,0,0,0,0,5400,0,74200
광양읍,칠성e-편한세상아파트,서북2길,'115,21700,11600,0,0,0,0,0,2700,0,36000
광양읍,칠성e-편한세상아파트,서북2길,'115,23100,12000,0,0,0,0,0,1800,0,36900
광양읍,칠성e-편한세상아파트,서북2길,'115,44100,23200,0,0,0,0,0,3900,0,71200
광양읍,칠성e-편한세상아파트,서북2길,'115,23100,16800,0,0,0,0,0,2400,0,42300
광양읍,칠성e-편한세상아파트,서북2길,'115,0,0,0,225000,0,36000,0,0,0,261000
광양읍,칠성e-편한세상아파트,서북2길,'115,21000,14000,0,0,0,0,0,1500,0,36500
광양읍,칠성e-편한세상아파트,서북2길,'115,22400,16000,0,0,0,0,0,3000,0,41400
광양읍,칠성e-편한세상아파트,서북2길,'115,23800,24000,0,0,0,120000,0,2700,0,170500
광양읍,칠성e-편한세상아파트,서북2길,'115,21000,48000,0,0,0,0,0,3000,0,72000
광양읍,칠성e-편한세상아파트,서북2길,'115,18900,36000,0,0,0,0,0,4200,0,59100
광양읍,칠성e-편한세상아파트,서북2길,'115,21000,69600,0,0,0,0,0,11100,0,101700
광양읍,칠성e-편한세상아파트,서북2길,'115,10500,29200,0,0,0,0,0,3900,0,43600
광양읍,칠성e-편한세상아파트,서북2길,'115,0,31200,0,30000,0,0,0,6300,0,67500
광양읍,칠성e-편한세상아파트,서북2길,'115,0,28800,0,0,0,0,0,4500,0,33300
광양읍,칠성e-편한세상아파트,서북2길,'115,8400,24000,0,0,0,60000,0,3900,0,96300
광양읍,칠성e-편한세상아파트,서북2길,'115,12600,26000,0,0,0,0,0,5700,0,44300
광양읍,칠성e-편한세상아파트,서북2길,'115,15400,14000,12600,0,0,0,0,0,0,42000
광양읍,칠성e-편한세상아파트,서북2길,'115,9100,37600,15600,0,0,0,0,5100,0,67400
광양읍,창덕에버빌2차아파트,용강1길,'12,0,0,0,202500,0,0,0,0,0,202500
광양읍,창덕에버빌2차아파트,용강1길,'12,270200,693200,0,0,0,210000,0,0,0,1173400
광양읍,오성타워맨션아파트,대림오성로,'139,0,0,0,60000,0,0,0,0,0,60000
광양읍,오성타워맨션아파트,대림오성로,'139,0,0,0,60000,0,0,0,0,0,60000
광양읍,오성타워맨션아파트,대림오성로,'139,189000,302400,0,0,0,0,0,0,0,491400
광양읍,오성타워맨션아파트,대림오성로,'139,13300,24400,0,0,0,0,0,0,0,37700
광양읍,오성타워맨션아파트,대림오성로,'139,12600,20800,0,54000,0,0,0,0,0,87400
광양읍,오성타워맨션아파트,대림오성로,'139,0,0,0,145500,0,30000,0,0,0,175500
광양읍,오성타워맨션아파트,대림오성로,'139,12600,20800,0,0,0,0,0,0,0,33400
광양읍,오성타워맨션아파트,대림오성로,'139,14000,20800,0,0,0,0,0,1800,0,36600
광양읍,오성타워맨션아파트,대림오성로,'139,21000,32000,0,0,0,0,0,2100,0,55100
광양읍,오성타워맨션아파트,대림오성로,'139,21000,44000,0,0,0,0,0,3600,0,68600
광양읍,오성타워맨션아파트,대림오성로,'139,17500,48000,0,120000,0,0,0,4200,0,189700
광양읍,오성타워맨션아파트,대림오성로,'139,7000,29200,0,0,0,0,0,3600,0,39800
광양읍,오성타워맨션아파트,대림오성로,'139,17500,32800,0,0,0,0,0,4800,0,55100
광양읍,오성타워맨션아파트,대림오성로,'139,15400,29600,0,37500,0,0,0,3000,0,85500
광양읍,오성타워맨션아파트,대림오성로,'139,0,20000,0,30000,0,0,0,6300,0,56300
광양읍,오성타워맨션아파트,대림오성로,'139,14000,24000,0,0,0,0,0,3600,0,41600
광양읍,오성타워맨션아파트,대림오성로,'139,7700,20400,0,0,0,0,0,4500,0,32600
광양읍,오성타워맨션아파트,대림오성로,'139,14700,23200,0,0,0,0,0,3000,0,40900
광양읍,오성타워맨션아파트,대림오성로,'139,14000,28800,0,108000,0,0,0,5100,0,155900
광양읍,오성타워맨션아파트,대림오성로,'139,6300,25200,0,0,0,60000,0,3000,0,94500
광양읍,오성타워맨션아파트,대림오성로,'139,9800,32000,2700,15000,0,0,0,0,0,59500
광양읍,오성타워맨션아파트,대림오성로,'139,7000,26800,6000,30000,0,0,0,0,0,69800
광양읍,오성타워맨션아파트,대림오성로,'139,9100,12000,12000,22500,0,0,0,0,0,55600
광양읍,오성타워맨션아파트,대림오성로,'139,6300,33600,14100,0,0,0,0,0,0,54000
광양읍,칠성e-편한세상아파트,서북2길,'115,9800,29600,0,0,0,0,0,3900,0,43300
광양읍,칠성e-편한세상아파트,서북2길,'115,0,30000,0,0,0,0,0,4500,0,34500
광양읍,칠성e-편한세상아파트,서북2길,'115,0,32400,0,0,0,0,0,4500,0,36900
광양읍,칠성e-편한세상아파트,서북2길,'115,9100,28800,6900,0,0,0,0,0,0,44800
광영동,광영상아아파트,금영로,'182,11900,13200,8700,0,0,0,8000,0,0,41800
광양읍,광양부영아파트,인서4길,'19,11900,9600,0,0,0,0,0,0,0,21500
광양읍,광양부영아파트,인서4길,'19,10500,11200,0,0,0,0,0,0,0,21700
광양읍,광양부영아파트,인서4길,'19,11900,11200,0,0,0,0,0,0,0,23100
광양읍,광양부영아파트,인서4길,'19,10500,11200,0,0,0,0,0,0,0,21700
광양읍,광양부영아파트,인서4길,'19,12600,10800,0,0,0,0,0,0,0,23400
광양읍,광양부영아파트,인서4길,'19,12600,10800,0,0,0,0,0,0,0,23400
광양읍,광양부영아파트,인서4길,'19,12600,10000,0,0,0,0,0,0,0,22600
광양읍,광양부영아파트,인서4길,'19,12600,14800,0,0,0,0,0,0,0,27400
광양읍,광양부영아파트,인서4길,'19,12600,10000,0,0,0,0,0,0,0,22600
광양읍,광양부영아파트,인서4길,'19,11900,10800,0,0,0,0,0,0,0,22700
광양읍,광양부영아파트,인서4길,'19,14000,12400,0,0,0,0,0,0,0,26400
광양읍,광양부영아파트,인서4길,'19,11900,9200,0,0,0,0,0,0,0,21100
광양읍,광양부영아파트,인서4길,'19,11900,11200,0,0,0,0,0,0,0,23100
광양읍,광양부영아파트,인서4길,'19,13300,10000,0,0,0,0,0,0,0,23300
광양읍,광양부영아파트,인서4길,'19,10500,10800,0,0,0,0,0,0,0,21300
광양읍,광양부영아파트,인서4길,'19,10500,11200,0,0,0,0,0,0,0,21700
광양읍,광양부영아파트,인서4길,'19,9800,10000,0,0,0,0,0,0,0,19800
광양읍,광양부영아파트,인서4길,'19,14700,11600,0,0,0,0,0,0,0,26300
광양읍,광양부영아파트,인서4길,'19,10500,11600,0,0,0,0,0,0,0,22100
광양읍,광양부영아파트,인서4길,'19,10500,11200,0,0,0,0,0,0,0,21700
광양읍,광양부영아파트,인서4길,'19,11900,12400,0,0,0,0,0,0,0,24300
광양읍,광양부영아파트,인서4길,'19,15400,20400,0,0,0,0,0,0,0,35800
광양읍,광양부영아파트,인서4길,'19,14700,16000,0,0,0,0,0,0,0,30700
광양읍,광양부영아파트,인서4길,'19,14700,14800,0,0,0,0,0,0,0,29500
광양읍,광양부영아파트,인서4길,'19,9800,16400,0,0,0,0,0,0,0,26200
광양읍,광양부영아파트,인서4길,'19,10500,15200,0,0,0,0,0,0,0,25700
광양읍,광양부영아파트,인서4길,'19,10500,12400,0,0,0,0,0,0,0,22900
광양읍,광양부영아파트,인서4길,'19,9800,15200,0,0,0,0,0,0,0,25000
광양읍,광양부영아파트,인서4길,'19,13300,16800,0,0,0,0,0,0,0,30100
광양읍,광양부영아파트,인서4길,'19,17500,19200,0,0,0,0,0,0,0,36700
광양읍,광양부영아파트,인서4길,'19,9100,16800,0,0,0,0,0,0,0,25900
광양읍,광양부영아파트,인서4길,'19,9800,14000,0,0,0,0,0,0,0,23800
광양읍,광양부영아파트,인서4길,'19,9800,14000,0,0,0,0,0,0,0,23800
광양읍,광양부영아파트,인서4길,'19,9800,12800,0,0,0,0,0,0,0,22600
광양읍,광양부영아파트,인서4길,'19,19600,14000,0,0,0,0,0,0,0,33600
광양읍,광양부영아파트,인서4길,'19,10500,15200,0,0,0,0,0,0,0,25700
광양읍,광양부영아파트,인서4길,'19,14700,13600,0,0,0,0,0,0,0,28300
광양읍,광양부영아파트,인서4길,'19,12600,16800,4800,0,0,0,0,0,0,34200
광양읍,광양부영아파트,인서4길 ,'19,21700,22400,0,0,0,0,0,0,0,44100
광양읍,삼보타워아파트,성북길,'19-6,0,0,0,30000,0,0,0,0,0,30000
광양읍,칠성주공아파트,호북길,'25,0,28800,0,73500,0,0,0,0,0,102300
광양읍,칠성주공아파트,호북길,'25,0,20400,0,0,0,0,0,0,0,20400
광양읍,칠성주공아파트,호북길,'25,0,28000,0,0,0,0,0,0,0,28000
광양읍,칠성주공아파트,호북길,'25,0,16600,0,115500,0,0,0,0,0,132100
광양읍,칠성주공아파트,호북길,'25,0,21600,0,0,0,0,0,0,0,21600
광양읍,칠성주공아파트,호북길,'25,0,24400,0,0,0,0,0,0,0,24400
광양읍,칠성주공아파트,호북길,'25,0,32400,0,0,0,0,0,0,0,32400
광양읍,칠성주공아파트,호북길,'25,0,37600,0,0,0,0,0,0,0,37600
광양읍,칠성주공아파트,호북길,'25,0,38400,0,0,0,0,0,0,0,38400
광양읍,칠성주공아파트,호북길,'25,0,38400,0,0,0,0,0,0,0,38400
광양읍,칠성주공아파트,호북길,'25,0,38000,0,0,0,0,0,0,0,38000
광양읍,칠성주공아파트,호북길,'25,0,52000,0,0,0,0,0,0,0,52000
광양읍,칠성주공아파트,호북길,'25,0,26000,0,45000,0,0,0,0,0,71000
광양읍,칠성주공아파트,호북길,'25,0,36400,0,0,0,0,0,3300,0,39700
광양읍,칠성주공아파트,호북길,'25,0,38000,0,0,0,0,0,0,0,38000
광양읍,칠성주공아파트,호북길,'25,0,37200,0,0,0,0,0,0,0,37200
광양읍,칠성주공아파트,호북길,'25,0,24800,0,0,0,72000,0,2700,0,99500
광양읍,칠성주공아파트,호북길,'25,0,24800,0,0,0,0,0,2700,0,27500
광양읍,칠성주공아파트,호북길,'25,0,23600,0,0,0,0,0,0,0,23600
광양읍,칠성주공아파트,호북길,'25,0,53600,0,0,0,0,0,3300,0,56900
광양읍,칠성주공아파트,호북길,'25,0,63200,0,0,0,0,0,0,0,63200
광양읍,칠성주공아파트,호북길,'25,0,49600,0,0,0,0,0,0,0,49600
광양읍,칠성주공아파트,호북길,'25,0,62000,0,0,0,0,0,0,0,62000
광양읍,칠성주공아파트,호북길,'25,0,49600,0,0,0,0,0,0,0,49600
광양읍,칠성주공아파트,호북길,'25,0,50400,0,0,0,0,0,0,0,50400
광양읍,칠성주공아파트,호북길,'25,0,62000,0,0,0,0,0,0,0,62000
광양읍,칠성주공아파트,호북길,'25,0,47200,0,0,0,0,0,0,0,47200
광양읍,칠성주공아파트,호북길,'25,0,47600,0,0,0,0,0,0,0,47600
광양읍,칠성주공아파트,호북길,'25,0,111200,0,54000,0,48000,0,0,0,213200
광양읍,칠성주공아파트,호북길,'25,31500,52000,0,0,0,0,0,0,0,83500
광양읍,칠성주공아파트,호북길,'25,12600,28800,0,0,0,0,0,0,0,41400
광양읍,칠성주공아파트,호북길,'25,14700,26000,0,0,0,0,0,0,0,40700
광양읍,칠성주공아파트,호북길,'25,19600,28800,0,0,0,0,0,0,0,48400
광양읍,칠성주공아파트,호북길,'25,19600,25200,0,0,0,0,0,0,0,44800
광양읍,칠성주공아파트,호북길,'25,14700,23200,0,0,0,0,0,0,0,37900
광양읍,칠성주공아파트,호북길,'25,14700,26000,0,0,0,0,0,0,0,40700
광양읍,칠성주공아파트,호북길,'25,16100,34000,0,0,0,0,0,0,0,50100
광양읍,칠성주공아파트,호북길,'25,29400,30000,0,0,0,0,0,0,0,59400
광양읍,칠성주공아파트,호북길,'25,12600,22000,0,0,0,0,0,0,0,34600
광양읍,칠성주공아파트,호북길,'25,10500,21600,0,60000,0,48000,0,0,0,140100
광양읍,칠성주공아파트,호북길,'25,11900,19200,0,0,0,0,0,0,0,31100
광양읍,칠성주공아파트,호북길,'25,9800,18000,0,0,0,0,0,0,0,27800
광양읍,칠성주공아파트,호북길,'25,8400,11200,0,0,0,0,0,0,0,19600
광양읍,칠성주공아파트,호북길,'25,14700,15200,0,0,0,0,0,0,0,29900
광양읍,칠성주공아파트,호북길,'25,16100,18800,0,0,0,0,0,0,0,34900
광양읍,칠성주공아파트,호북길,'25,10500,9600,11100,0,0,0,0,0,0,31200
광양읍,송보파인빌7차아파트,와룡길,'33,0,0,0,465000,0,0,0,0,0,465000
광양읍,송보파인빌7차아파트,와룡길,'33,0,0,0,480000,0,0,0,0,0,480000
광양읍,송보파인빌7차아파트,와룡길,'33,0,0,0,0,0,180000,0,0,0,180000
광양읍,송보파인빌7차아파트,와룡길,'33,0,0,0,0,0,210000,0,0,0,210000
광양읍,송보파인빌7차아파트,와룡길,'33,0,0,0,480000,0,0,0,0,0,480000
광양읍,송보파인빌7차아파트,와룡길,'33,0,0,0,0,0,180000,0,0,0,180000
광양읍,송보파인빌7차아파트,와룡길,'33,0,0,0,270000,0,0,0,0,0,270000
광양읍,송보파인빌7차아파트,와룡길,'33,0,0,0,0,0,42000,0,0,0,42000
광양읍,송보파인빌7차아파트,와룡길,'33,0,0,0,180000,0,180000,0,0,0,360000
광양읍,송보파인빌7차아파트,와룡길,'33,0,0,0,0,0,150000,0,0,0,150000
광양읍,송보파인빌7차아파트,와룡길,'33,0,0,0,150000,0,0,0,0,0,150000
광양읍,송보파인빌7차아파트,와룡길,'33,0,0,0,0,0,120000,0,0,0,120000
광양읍,송보파인빌7차아파트,와룡길,'33,0,0,0,90000,0,0,0,0,0,90000
광양읍,덕례수시아아파트,서산길,'43,0,0,0,195000,0,36000,0,0,0,231000
광양읍,덕례수시아아파트,서산길,'43,0,8000,0,0,0,0,0,0,0,8000
광양읍,덕례수시아아파트,서산길,'43,0,28000,0,246000,0,24000,0,0,0,298000
광양읍,덕례수시아아파트,서산길,'43,0,60400,0,0,0,0,0,0,0,60400
광양읍,덕례수시아아파트,서산길,'43,0,80800,0,0,0,0,0,0,0,80800
광양읍,덕례수시아아파트,서산길,'43,0,70400,0,0,0,0,0,0,0,70400
광양읍,덕례수시아아파트,서산길,'43,0,81600,0,0,0,0,0,0,0,81600
광양읍,덕례수시아아파트,서산길,'43,0,46000,0,0,0,0,0,0,0,46000
광양읍,덕례수시아아파트,서산길,'43,28000,29600,0,105000,0,0,0,0,0,162600
광양읍,덕례수시아아파트,서산길,'43,0,26000,0,90000,0,36000,0,0,0,152000
광양읍,덕례수시아아파트,서산길,'43,10500,28400,0,0,0,0,0,3600,0,42500
광양읍,덕례수시아아파트,서산길,'43,8400,20800,0,30000,0,150000,0,0,0,209200
광양읍,덕례수시아아파트,서산길,'43,14700,25600,0,0,0,0,0,0,0,40300
광양읍,덕례수시아아파트,서산길,'43,9100,28000,0,75000,0,0,0,3300,0,115400
광양읍,덕례수시아아파트,서산길,'43,0,28000,0,60000,0,0,0,3600,0,91600
광양읍,덕례수시아아파트,서산길,'43,10500,29200,0,30000,0,0,0,0,0,69700
광양읍,덕례수시아아파트,서산길,'43,7700,26000,0,22500,0,0,0,0,0,56200
광양읍,덕례수시아아파트,서산길,'43,12600,9600,12000,0,0,0,0,0,0,34200
광양읍,덕례수시아아파트,서산길,'43,0,8800,12000,66000,0,0,0,0,0,86800
광양읍,남해오네뜨,와룡길,'43,0,0,0,141000,0,0,0,0,0,141000
광양읍,남해오네뜨,와룡길,'43,552300,652000,0,0,0,0,308000,0,0,1512300
광양읍,남해오네뜨,와룡길,'43,0,0,0,60000,0,0,0,0,0,60000
광양읍,남해오네뜨,와룡길,'43,44100,62800,0,0,0,0,150000,0,0,256900
광양읍,광양삼익아파트,우산공원길,'64,0,0,0,27000,0,0,0,0,0,27000
광양읍,광양삼익아파트,우산공원길,'64,0,0,0,27000,0,0,0,0,0,27000
광양읍,광양삼익아파트,우산공원길,'64,0,0,0,30000,0,48000,0,0,0,78000
광양읍,광양삼익아파트,우산공원길,'64,82600,63200,0,0,0,0,0,0,0,145800
광양읍,광양삼익아파트,우산공원길,'64,10500,14000,0,0,0,0,0,0,0,24500
광양읍,광양삼익아파트,우산공원길,'64,39900,43600,0,0,0,0,0,0,0,83500
광양읍,광양삼익아파트,우산공원길,'64,30800,34400,0,27000,0,0,0,0,0,92200
광양읍,광양삼익아파트,우산공원길,'64,38500,41600,0,0,0,0,0,0,0,80100
광양읍,광양삼익아파트,우산공원길,'64,32200,42000,0,30000,0,0,0,0,0,104200
광양읍,광양삼익아파트,우산공원길,'64,36400,43200,0,0,0,0,0,0,0,79600
광양읍,목성아파트,신재로,'82,156800,195600,0,0,0,0,0,0,0,352400
광양읍,매화마을주공아파트,서평1길,'99,0,109800,0,0,0,0,0,0,0,109800
광양읍,매화마을주공아파트,서평1길,'99,0,88000,0,0,0,0,0,0,0,88000
광양읍,매화마을주공아파트,서평1길,'99,0,209200,0,574500,0,30000,0,0,0,813700
광양읍,매화마을주공아파트,서평1길,'99,0,88400,0,0,0,0,0,0,0,88400
광양읍,매화마을주공아파트,서평1길,'99,37800,54800,0,0,0,0,0,0,0,92600
광양읍,매화마을주공아파트,서평1길,'99,14000,30800,0,0,0,0,0,3000,0,47800
광양읍,매화마을주공아파트,서평1길,'99,0,28800,0,0,0,0,0,0,0,28800
광양읍,매화마을주공아파트,서평1길,'99,8400,38800,0,15000,0,0,0,4500,0,66700
광양읍,매화마을주공아파트,서평1길,'99,0,37600,0,0,0,0,0,4500,0,42100
광양읍,매화마을주공아파트,서평1길,'99,8400,35200,6000,0,0,0,0,0,0,49600
광양읍,매화마을주공아파트,서평1길,'99,10500,16000,18900,0,0,0,0,0,0,45400
광양읍,매화마을주공아파트,서평1길,'99,7700,33600,24900,0,0,0,0,4500,0,70700
광영동,광영현대아파트,광영로,'141,124110,50520,47430,75000,46200,0,0,0,0,343260
광영동,광영현대아파트,광영로,'141,4550,1960,1800,60000,0,0,0,0,0,68310
광영동,광영현대아파트,광영로,'141,125300,56600,51000,60000,0,0,12000,0,0,304900
광영동,광영현대아파트,광영로,'141,72450,33400,29400,0,0,0,50000,0,0,185250
광영동,광영현대아파트,광영로,'141,51100,25200,20250,0,0,0,54000,0,0,150550
광영동,광영현대아파트,광영로,'141,12600,6400,5100,0,0,0,15000,0,0,39100
광영동,광영목우아파트,금영로,'158,25410,16680,9150,12000,37400,0,0,0,0,100640
광영동,광영목우아파트,금영로,'158,19460,14480,8430,60000,0,0,0,0,0,102370
광영동,광영목우아파트,금영로,'158,1750,1200,840,30000,0,0,0,0,0,33790
광영동,광영목우아파트,금영로,'158,42700,33400,19800,0,0,0,0,0,0,95900
광영동,광영목우아파트,금영로,'158,18550,13600,8250,0,0,0,0,0,0,40400
광영동,광영목우아파트,금영로,'158,43400,30800,19500,0,0,0,0,0,0,93700
광영동,광영주공아파트,금영로,'164,6860,3160,2400,0,600,0,0,0,0,13020
광영동,광영주공아파트,금영로,'164,14560,6240,4500,0,1600,0,0,0,0,26900
광영동,광영주공아파트,금영로,'164,14840,6360,4590,0,1600,0,0,0,0,27390
광영동,광영주공아파트,금영로,'164,15400,6600,4650,0,1600,0,0,0,0,28250
광영동,광영주공아파트,금영로,'164,15890,6880,4800,0,1600,0,0,0,0,29170
광영동,광영주공아파트,금영로,'164,16450,7000,5070,0,1600,0,0,0,0,30120
광영동,광영주공아파트,금영로,'164,16800,6880,5250,0,1400,0,0,0,0,30330
광영동,광영주공아파트,금영로,'164,16940,7120,5400,0,1400,0,0,0,0,30860
광영동,광영주공아파트,금영로,'164,17010,7400,5700,0,1400,0,0,0,0,31510
광영동,광영주공아파트,금영로,'164,48440,23680,18480,0,4400,0,0,0,0,95000
광영동,광영주공아파트,금영로,'164,6440,4000,3030,0,400,0,0,0,0,13870
광영동,광영주공아파트,금영로,'164,7140,4240,3150,0,400,0,0,0,0,14930
광영동,광영주공아파트,금영로,'164,13650,7640,6360,0,1000,0,0,0,0,28650
광영동,광영주공아파트,금영로,'164,14350,8160,6750,0,600,0,0,0,0,29860
광영동,광영주공아파트,금영로,'164,15050,8560,6870,0,600,0,0,0,0,31080
광영동,광영주공아파트,금영로,'164,14770,8560,6900,0,800,0,0,0,0,31030
광영동,광영주공아파트,금영로,'164,15260,8680,7050,0,800,0,0,0,0,31790
광영동,광영주공아파트,금영로,'164,15400,8800,7140,0,600,0,0,0,0,31940
광영동,광영주공아파트,금영로,'164,24500,17200,10080,0,0,0,0,0,0,51780
광영동,광영주공아파트,금영로,'164,37100,32200,14100,0,0,0,0,0,0,83400
광영동,광영현대1차아파트,금영로,'170,39550,19520,11160,21450,46600,0,0,0,0,138280
광영동,광영현대1차아파트,금영로,'170,24570,17040,10740,57000,0,0,0,0,0,109350
광영동,광영현대1차아파트,금영로,'170,2100,1600,840,22500,0,0,0,0,0,27040
광영동,광영현대1차아파트,금영로,'170,38850,26800,17250,0,0,0,0,0,0,82900
광영동,광영현대1차아파트,금영로,'170,17850,11400,7650,0,0,0,0,0,0,36900
광영동,광영현대1차아파트,금영로,'170,52150,38000,39600,0,0,0,42000,0,0,171750
광영동,광영상아아파트,금영로,'182,13090,8080,5040,0,16200,0,0,0,0,42410
광영동,광영상아아파트,금영로,'182,10710,11640,7590,0,29200,0,0,0,0,59140
광영동,광영상아아파트,금영로,'182,11060,12480,8190,67500,10000,0,0,0,0,109230
광영동,광영상아아파트,금영로,'182,7350,8520,5670,0,0,0,0,0,0,21540
광영동,광영상아아파트,금영로,'182,4550,6040,3690,37500,0,0,0,0,0,51780
광영동,광영상아아파트,금영로,'182,16100,16800,11700,60000,0,0,0,0,0,104600
광영동,광영상아아파트,금영로,'182,14350,15400,10050,60000,0,0,0,0,0,99800
광영동,광영상아아파트,금영로,'182,8750,12200,8250,0,36000,0,17000,0,0,82200
광영동,광영상아아파트,금영로,'182,16100,12800,10200,0,55000,0,22000,0,0,116100
광영동,광영상아아파트,금영로,'182,5600,12400,9900,44250,51000,0,26000,0,0,149150
광영동,광영상아아파트,금영로,'182,0,12800,10290,0,50000,0,27000,0,0,100090
광양읍,송보파인빌7차아파트,와룡길,'33,,0,0,84000,0,0,0,0,0,84000
광영동,브라운스톤가야아파트,가야로,'345,6440,4280,2760,0,8400,0,0,0,0,21880
광영동,브라운스톤가야아파트,가야로,'345,9100,3040,2760,0,8400,0,0,0,0,23300
광영동,브라운스톤가야아파트,가야로,'345,9100,3400,2850,0,9000,0,0,0,0,24350
광영동,브라운스톤가야아파트,가야로,'345,9450,3600,3000,0,10000,0,0,0,0,26050
광영동,브라운스톤가야아파트,가야로,'345,9100,3600,2940,0,9000,0,0,0,0,24640
광영동,브라운스톤가야아파트,가야로,'345,9450,3920,3300,0,10000,0,0,0,0,26670
광영동,브라운스톤가야아파트,가야로,'345,9100,4000,3300,0,0,0,0,0,0,16400
광영동,브라운스톤가야아파트,가야로,'345,9100,4000,3270,60000,0,0,0,0,0,76370
광영동,브라운스톤가야아파트,가야로,'345,9800,4400,3600,0,0,0,0,0,0,17800
광영동,브라운스톤가야아파트,가야로,'345,9100,3800,3270,0,0,0,0,0,0,16170
광영동,브라운스톤가야아파트,가야로,'345,9310,3920,3270,0,0,0,0,0,0,16500
광영동,브라운스톤가야아파트,가야로,'345,19250,8200,6750,0,0,0,0,0,0,34200
광영동,브라운스톤가야아파트,가야로,'345,28000,11800,9900,75000,0,0,0,0,0,124700
광영동,브라운스톤가야아파트,가야로,'345,19600,8200,6600,30000,0,0,0,0,0,64400
광영동,브라운스톤가야아파트,가야로,'345,10500,4800,3750,0,0,0,0,0,0,19050
광영동,브라운스톤가야아파트,가야로,'345,11200,5200,3750,0,0,0,0,0,0,20150
광영동,브라운스톤가야아파트,가야로,'345,11200,5400,3750,0,0,0,0,0,0,20350
광영동,브라운스톤가야아파트,가야로,'345,11900,5400,3900,0,0,0,0,0,0,21200
광영동,브라운스톤가야아파트,가야로,'345,11900,5600,3900,0,0,0,0,0,0,21400
광영동,브라운스톤가야아파트,가야로,'345,11900,5400,3900,0,0,0,0,0,0,21200
광영동,브라운스톤가야아파트,가야로,'345,11900,5200,4050,0,0,0,0,0,0,21150
광영동,브라운스톤가야아파트,가야로,'345,11760,5400,4200,0,0,0,0,0,0,21360
광영동,브라운스톤가야아파트,가야로,'345,29960,16600,10950,0,0,0,23000,0,0,80510
광영동,브라운스톤가야아파트,가야로,'345,12600,5600,4200,0,0,0,0,0,0,22400
광영동,브라운스톤가야아파트,가야로,'345,12600,5600,4350,0,0,0,0,0,0,22550
광영동,브라운스톤가야아파트,가야로,'345,13300,1920,8400,0,0,0,0,0,0,23620
광영동,브라운스톤가야아파트,가야로 ,'345,3850,1600,1350,75000,0,0,0,0,0,81800
광영동,로데오아파트,가야로,'360,43820,21400,15690,16350,28800,0,0,0,0,126060
광영동,로데오아파트,가야로,'360,56350,27640,21600,0,0,0,0,0,0,105590
광영동,로데오아파트,가야로,'360,74060,37520,26100,0,0,0,4000,0,0,141680
광영동,광영그린파크아파트,가야로,'371,11200,4800,2160,0,13000,0,0,0,0,31160
광영동,광영그린파크아파트,가야로,'371,10500,4320,2160,0,9200,0,0,0,0,26180
광영동,광영그린파크아파트,가야로,'371,7000,4320,2400,0,11000,0,0,0,0,24720
광영동,광영그린파크아파트,가야로,'371,13860,8280,4740,0,21200,0,0,0,0,48080
광영동,광영그린파크아파트,가야로,'371,7140,4320,2550,0,10600,0,0,0,0,24610
광영동,광영그린파크아파트,가야로,'371,7000,4320,2400,0,0,0,0,0,0,13720
광영동,광영그린파크아파트,가야로,'371,6860,4000,2400,0,0,0,0,0,0,13260
광영동,광영그린파크아파트,가야로,'371,7700,4600,2700,0,0,0,0,0,0,15000
광영동,광영그린파크아파트,가야로,'371,13160,8440,4710,0,0,0,0,0,0,26310
광영동,광영그린파크아파트,가야로,'371,3150,1920,1050,0,0,0,0,0,0,6120
광영동,광영그린파크아파트,가야로,'371,7350,4520,2550,0,0,0,0,0,0,14420
광영동,광영그린파크아파트,가야로,'371,7000,4320,2400,0,0,0,0,0,0,13720
광영동,광영그린파크아파트,가야로,'371,35000,19200,13200,0,0,0,0,0,0,67400
광영동,광영그린파크아파트,가야로,'371,7700,4000,2700,0,0,0,0,0,0,14400
광영동,광영그린파크아파트,가야로,'371,21000,12800,7800,0,0,0,0,0,0,41600
광영동,광영그린파크아파트,가야로,'371,3500,2000,1200,0,0,0,0,0,0,6700
광영동,광영그린파크아파트,가야로,'371,30100,17200,10050,0,0,0,13600,0,0,70950
광영동,광영그린파크아파트,가야로,'371,9100,5000,3000,0,0,0,6000,0,0,23100
광영동,광영그린파크아파트,가야로,'371,9100,5000,3000,0,0,0,6000,0,0,23100
광영동,광영그린파크아파트,가야로,'371,9450,4800,3150,0,0,0,8000,0,0,25400
광영동,광영그린파크아파트,가야로,'371,28700,15640,10050,0,0,0,19600,0,0,73990
광영동,광영그린파크아파트,가야로,'371,17500,10000,5700,0,0,0,10000,0,0,43200
광영동,광영그린파크아파트,가야로,'371,9100,5000,3000,0,0,0,6000,0,0,23100
광영동,광영그린파크아파트,가야로,'371,9100,5200,3000,0,0,0,6000,0,0,23300
광영동,광영그린파크아파트,가야로,'371,9100,5000,3000,0,0,0,6000,0,0,23100
광영동,가야아파트,가야로,'380,25550,11600,8610,0,21800,0,0,0,0,67560
광영동,가야아파트,가야로,'380,23940,12760,8790,75000,7400,0,0,0,0,127890
광영동,가야아파트,가야로,'380,31850,15240,10890,12000,23000,0,0,0,0,92980
광영동,가야아파트,가야로,'380,32550,17600,13500,60000,66000,0,0,0,0,189650
광영동,가야아파트,가야로,'380,19600,10000,8250,30000,41000,0,5000,0,0,113850
광영동,가야아파트,가야로,'380,35700,19320,13350,0,72000,0,17000,0,0,157370
광영동,가야아파트,가야로,'380,36050,20000,13350,0,74000,0,28000,0,0,171400
광영동,가야아파트,가야로,'380,28350,15600,10800,0,57000,0,24000,0,0,135750
광영동,가야아파트,가야로,'380,20300,11200,7800,0,0,0,16000,0,0,55300
광영동,가야아파트,가야로,'380,9800,3440,8400,0,0,0,8000,0,0,29640
광영동,가야아파트,가야로 ,'380,42000,22200,15900,0,0,0,0,0,0,80100
광영동,광영주공아파트,금영로,'164,15470,9200,7050,0,400,0,0,0,0,32120
광영동,광영주공아파트,금영로,'164,15400,9160,7110,0,400,0,0,0,0,32070
광영동,광영주공아파트,금영로,'164,15400,9200,7170,0,400,0,0,0,0,32170
광영동,광영주공아파트,금영로,'164,15680,9440,7230,0,600,0,0,0,0,32950
광영동,광영주공아파트,금영로,'164,16030,9560,7140,0,400,0,0,0,0,33130
광영동,광영주공아파트,금영로,'164,8330,5000,3450,0,200,0,0,0,0,16980
광영동,브라운스톤가야아파트,가야로,'345,9800,4000,3600,30000,0,0,0,0,0,47400
광영동,브라운스톤가야아파트,가야로,'345,9800,4400,3900,0,0,0,0,0,0,18100
광영동,브라운스톤가야아파트,가야로,'345,9800,4000,3300,0,0,0,0,0,0,17100
광영동,브라운스톤가야아파트,가야로,'345,9800,4400,3600,60000,0,0,0,0,0,77800
광영동,브라운스톤가야아파트,가야로,'345,4900,2000,1800,0,0,0,0,0,0,8700
광영동,브라운스톤가야아파트,가야로,'345,9450,4000,3300,0,0,0,0,0,0,16750
광영동,브라운스톤가야아파트,가야로,'345,9100,4000,3300,0,0,0,0,0,0,16400
광영동,브라운스톤가야아파트,가야로,'345,9100,4000,3600,0,0,0,0,0,0,16700
광영동,브라운스톤가야아파트,가야로,'345,9800,4400,3600,0,0,0,0,0,0,17800
옥곡면,광양의봄프리미엄2차아파트,광영의암2로,'2,8400,1760,8700,0,0,0,0,0,0,18860
중마동,광양마동자연애아파트,진등5길,'1,59500,50400,0,0,0,0,0,0,0,109900
중마동,광양마동자연애아파트,진등5길,'1,58800,49600,0,0,0,0,0,0,0,108400
중마동,광양마동자연애아파트,진등5길,'1,62300,58800,0,0,0,0,0,0,0,121100
중마동,광양마동자연애아파트,진등5길,'1,62300,55200,0,0,0,0,0,0,0,117500
중마동,광양마동자연애아파트,진등5길,'1,33600,27600,0,0,0,0,0,0,0,61200
중마동,광양마동자연애아파트,진등5길,'1,93800,84000,0,0,0,0,0,0,0,177800
중마동,광양마동자연애아파트,진등5길,'1,67200,57200,0,0,0,0,0,0,0,124400
중마동,광양마동자연애아파트,진등5길,'1,102200,86800,0,0,0,0,0,0,0,189000
중마동,광양마동자연애아파트,진등5길,'1,69300,59200,0,0,0,0,0,0,0,128500
중마동,광양마동자연애아파트,진등5길,'1,70000,60400,0,0,0,0,0,0,0,130400
중마동,광양마동자연애아파트,진등5길,'1,69300,59600,0,0,0,0,0,0,0,128900
중마동,광양마동자연애아파트,진등5길,'1,27300,24000,0,0,0,0,0,0,0,51300
중마동,광양마동자연애아파트,진등5길,'1,102200,86800,0,30000,0,18000,0,0,0,237000
중마동,광양마동자연애아파트,진등5길,'1,17150,11000,10800,0,0,0,0,0,0,38950
중마동,광양마동자연애아파트,진등5길,'1,7700,6000,5100,0,0,0,0,0,0,18800
중마동,광양마동자연애아파트,진등5길,'1,16100,9200,8700,0,0,0,0,0,0,34000
중마동,광양마동자연애아파트,진등5길,'1,10850,5120,5100,0,0,0,0,0,0,21070
중마동,광양마동자연애아파트,진등5길,'1,10150,5120,5100,0,0,0,0,0,0,20370
중마동,금광1차아파트,공영로,'10,406700,279600,0,0,0,0,0,0,0,686300
중마동,금광1차아파트,공영로,'10,304150,27000,38850,120000,0,36000,0,0,0,526000
중마동,금광1차아파트,공영로,'10,324450,31960,30810,75000,0,36000,0,0,0,498220
중마동,금광1차아파트,공영로,'10,390250,22000,32250,0,0,0,0,0,0,444500
중마동,금광1차아파트,공영로,'10,311220,23680,33180,52500,0,0,40400,0,0,460980
중마동,금광1차아파트,공영로,'10,410900,12400,16980,30000,0,0,0,0,0,470280
중마동,우봉카이스트빌아파트,오류로,'100,22400,9600,5850,0,0,0,0,0,0,37850
중마동,우봉카이스트빌아파트,오류로,'100,21420,10080,6330,7500,16000,0,0,0,0,61330
중마동,우봉카이스트빌아파트,오류로,'100,20650,11160,7290,15000,0,0,0,0,0,54100
중마동,우봉카이스트빌아파트,오류로,'100,16310,8320,5490,37500,0,0,0,0,0,67620
중마동,우봉카이스트빌아파트,오류로,'100,6650,3800,2490,0,0,0,0,0,0,12940
중마동,우봉카이스트빌아파트,오류로,'100,18550,10600,6990,0,0,0,0,0,0,36140
중마동,우봉카이스트빌아파트,오류로,'100,5950,3600,2400,0,0,0,0,0,0,11950
중마동,우봉카이스트빌아파트,오류로,'100,13300,7600,4800,30000,0,0,0,0,0,55700
중마동,우봉카이스트빌아파트,오류로,'100,6300,4000,2700,0,0,0,0,0,0,13000
중마동,우봉카이스트빌아파트,오류로,'100,12250,7000,4800,0,0,0,0,0,0,24050
중마동,우봉카이스트빌아파트,오류로,'100,3150,1800,1050,0,0,0,0,0,0,6000
중마동,우봉카이스트빌아파트,오류로,'100,7700,4400,2700,0,0,0,0,0,0,14800
중마동,우봉카이스트빌아파트,오류로,'100,6300,3600,2340,0,0,0,0,0,0,12240
중마동,우봉카이스트빌아파트,오류로,'100,6650,3800,2250,0,0,0,0,0,0,12700
중마동,우봉카이스트빌아파트,오류로,'100,6650,3600,2400,0,0,0,0,0,0,12650
중마동,우봉카이스트빌아파트,오류로,'100,6650,3800,2400,0,0,0,0,0,0,12850
중마동,우봉카이스트빌아파트,오류로,'100,7000,4000,2850,0,0,0,0,0,0,13850
중마동,우봉카이스트빌아파트,오류로,'100,7350,4000,2850,0,0,0,0,0,0,14200
중마동,우봉카이스트빌아파트,오류로,'100,7700,4400,3000,0,0,0,0,0,0,15100
중마동,우봉카이스트빌아파트,오류로,'100,7350,4200,3000,0,0,0,0,0,0,14550
중마동,우봉카이스트빌아파트,오류로,'100,7700,4400,3000,0,0,0,0,0,0,15100
중마동,우봉카이스트빌아파트,오류로,'100,7700,4400,3000,0,0,0,0,0,0,15100
중마동,우봉카이스트빌아파트,오류로,'100,7700,4400,3000,0,0,0,0,0,0,15100
중마동,우봉카이스트빌아파트,오류로,'100,8050,4360,3150,0,0,0,0,0,0,15560
중마동,우봉카이스트빌아파트,오류로,'100,8050,4400,3240,0,0,0,0,0,0,15690
중마동,우봉카이스트빌아파트,오류로,'100,7700,4400,3150,0,0,0,0,0,0,15250
중마동,중마2주공아파트,구마9길,'11,60480,11200,6660,15000,34800,0,0,0,0,128140
중마동,중마2주공아파트,구마9길,'11,225330,137600,0,0,0,0,0,0,0,362930
중마동,중마2주공아파트,구마9길,'11,432880,259600,0,30000,0,0,0,0,0,722480
중마동,중마2주공아파트,구마9길,'11,142800,33400,27150,60000,0,0,0,0,0,263350
중마동,중마2주공아파트,구마9길,'11,12040,3000,2100,0,0,0,0,0,0,17140
중마동,중마2주공아파트,구마9길,'11,11900,3000,2100,0,0,0,0,0,0,17000
중마동,중마2주공아파트,구마9길,'11,12040,3000,2100,0,0,0,0,0,0,17140
중마동,중마2주공아파트,구마9길,'11,12250,3200,2400,0,0,0,0,0,0,17850
중마동,금광블루빌아파트,진등6길,'11,7490,0,0,0,9000,0,0,0,0,16490
중마동,금광블루빌아파트,진등6길,'11,7980,0,0,0,12800,0,0,0,0,20780
중마동,금광블루빌아파트,진등6길,'11,8400,3800,3240,0,7200,0,0,0,0,22640
중마동,금광블루빌아파트,진등6길,'11,7560,0,0,0,10200,0,0,0,0,17760
중마동,금광블루빌아파트,진등6길,'11,10500,0,0,0,0,0,0,0,0,10500
중마동,금광블루빌아파트,진등6길,'11,12040,0,0,0,0,0,0,0,0,12040
중마동,금광블루빌아파트,진등6길,'11,10920,0,0,0,0,36000,0,0,0,46920
중마동,금광블루빌아파트,진등6길,'11,10780,0,0,0,0,0,0,0,0,10780
중마동,금광블루빌아파트,진등6길,'11,8680,0,0,0,0,0,0,0,0,8680
중마동,금광블루빌아파트,진등6길,'11,13650,0,0,0,0,0,0,0,0,13650
중마동,금광블루빌아파트,진등6길,'11,2730,0,0,0,0,0,0,0,0,2730
중마동,금광블루빌아파트,진등6길,'11,72100,68000,0,0,0,0,0,0,0,140100
중마동,금광블루빌아파트,진등6길,'11,0,0,0,37500,0,0,0,0,0,37500
중마동,금광블루빌아파트,진등6길,'11,35700,0,0,0,0,0,0,0,0,35700
중마동,금광블루빌아파트,진등6길,'11,46900,0,0,0,0,0,0,0,0,46900
중마동,금광블루빌아파트,진등6길,'11,38500,0,0,0,0,0,0,0,0,38500
중마동,금광블루빌아파트,진등6길,'11,38500,0,0,0,0,0,0,0,0,38500
중마동,금광블루빌아파트,진등6길,'11,39900,0,0,0,0,0,0,0,0,39900
중마동,금광블루빌아파트,진등6길,'11,43400,0,0,0,0,0,0,0,0,43400
중마동,금광블루빌아파트,진등6길,'11,30100,0,0,0,0,0,0,0,0,30100
중마동,금광블루빌아파트,진등6길,'11,48300,0,0,0,0,0,0,0,0,48300
중마동,금광블루빌아파트,진등6길,'11,48300,0,0,0,0,0,0,0,0,48300
중마동,금광블루빌아파트,진등6길,'11,49700,0,0,0,0,0,0,0,0,49700
중마동,금광블루빌아파트,진등6길,'11,44800,0,0,0,0,0,0,0,0,44800
중마동,금광블루빌아파트,진등6길,'11,53200,0,0,0,0,0,0,0,0,53200
중마동,금광블루빌아파트,진등6길 ,'11,9940,0,0,45000,0,0,0,0,0,54940
중마동,태영1차아파트,광장로,'112-11,191100,38200,51750,90000,0,0,0,0,0,371050
중마동,태영1차아파트,광장로,'112-11,211120,40600,55350,67500,86200,0,5600,0,0,466370
중마동,태영1차아파트,광장로,'112-11,18200,3200,4800,0,10000,0,8000,0,0,44200
중마동,태영1차아파트,광장로,'112-11,18200,3200,5100,0,10000,0,8000,0,0,44500
중마동,태영1차아파트,광장로 ,'112-11,213360,38160,57780,67500,127400,0,98000,0,0,602200
중마동,태영1차아파트,광장로 ,'112-11,17500,3200,4800,0,12000,0,8000,0,0,45500
중마동,태영1차아파트,광장로 ,'112-11,21000,0,7500,60000,0,0,8000,0,0,96500
중마동,성호1차아파트,광장로,'112-20,0,3200,4500,0,0,0,0,0,0,7700
중마동,성호1차아파트,광장로,'112-20,0,3520,4500,0,0,0,0,0,0,8020
중마동,성호1차아파트,광장로,'112-20,0,3600,4500,0,0,0,0,0,0,8100
중마동,성호1차아파트,광장로 ,'112-20,0,19120,23340,67500,0,0,0,0,0,109960
중마동,태영2차아파트,광장로,'120,60900,33800,21300,0,41000,0,0,0,0,157000
중마동,태영2차아파트,광장로,'120,56350,33000,20700,60000,0,36000,0,0,0,206050
중마동,태영2차아파트,광장로,'120,72310,43200,26640,100800,69400,0,0,0,0,312350
중마동,태영2차아파트,광장로,'120,54600,31400,19800,13500,47000,0,0,0,0,166300
중마동,태영2차아파트,광장로,'120,59990,35360,22980,0,73200,0,0,0,0,191530
중마동,태영2차아파트,광장로,'120,10500,6400,3900,0,14000,0,0,0,0,34800
중마동,태영2차아파트,광장로 ,'120,62230,34640,18990,127500,76000,0,0,0,0,319360
중마동,태영2차아파트,광장로 ,'120,10500,6000,3900,0,14000,0,0,0,0,34400
중마동,태영2차아파트,광장로 ,'120,0,5600,4500,19500,14000,0,0,0,0,43600
중마동,태영2차아파트,광장로 ,'120,10500,0,8100,0,14000,0,0,0,0,32600
중마동,대광로제비앙3차아파트,진등2길,'13,6440,4280,1650,0,6000,0,0,0,0,18370
중마동,대광로제비앙3차아파트,진등2길,'13,6650,4560,2130,0,8200,0,0,0,0,21540
중마동,대광로제비앙3차아파트,진등2길,'13,7560,3560,2160,0,8400,0,0,0,0,21680
중마동,대광로제비앙3차아파트,진등2길,'13,8400,4360,2820,0,7400,0,0,0,0,22980
중마동,대광로제비앙3차아파트,진등2길,'13,6860,4480,2760,0,0,0,0,0,0,14100
중마동,대광로제비앙3차아파트,진등2길,'13,9800,4400,2760,0,0,0,0,0,0,16960
중마동,대광로제비앙3차아파트,진등2길,'13,8400,3920,2160,0,0,0,0,0,0,14480
중마동,대광로제비앙3차아파트,진등2길,'13,7490,5000,3360,45000,0,0,0,0,0,60850
중마동,대광로제비앙3차아파트,진등2길,'13,9450,4800,2160,0,0,0,0,0,0,16410
중마동,대광로제비앙3차아파트,진등2길,'13,12460,4600,2160,0,0,0,0,0,0,19220
중마동,대광로제비앙3차아파트,진등2길,'13,10920,5200,2760,0,0,0,0,0,0,18880
중마동,대광로제비앙3차아파트,진등2길,'13,3570,1160,960,0,0,0,0,0,0,5690
중마동,대광로제비앙3차아파트,진등2길,'13,8750,4000,2700,37500,0,0,0,0,0,52950
중마동,대광로제비앙3차아파트,진등2길,'13,8050,3600,2340,0,0,0,0,0,0,13990
중마동,대광로제비앙3차아파트,진등2길,'13,8750,3920,2490,12000,0,0,0,0,0,27160
중마동,대광로제비앙3차아파트,진등2길,'13,8050,3720,2400,0,0,0,0,0,0,14170
중마동,대광로제비앙3차아파트,진등2길,'13,8260,3920,2490,0,0,0,0,0,0,14670
중마동,대광로제비앙3차아파트,진등2길,'13,8260,3720,2400,0,0,0,0,0,0,14380
중마동,대광로제비앙3차아파트,진등2길,'13,8750,3680,2490,37500,0,0,0,0,0,52420
중마동,대광로제비앙3차아파트,진등2길,'13,8750,4000,2550,0,0,0,0,0,0,15300
중마동,대광로제비앙3차아파트,진등2길,'13,8260,3720,2340,0,0,0,0,0,0,14320
중마동,대광로제비앙3차아파트,진등2길,'13,8750,3680,2490,0,0,0,0,0,0,14920
중마동,대광로제비앙3차아파트,진등2길,'13,4550,2000,1350,15000,0,0,0,0,0,22900
중마동,대광로제비앙3차아파트,진등2길,'13,8260,3720,2460,0,0,0,0,0,0,14440
중마동,대광로제비앙3차아파트,진등2길,'13,13300,5400,3600,0,0,0,0,0,0,22300
중마동,대광로제비앙3차아파트,진등2길,'13,8400,3800,2400,0,0,0,0,0,0,14600
중마동,대광로제비앙3차아파트,진등2길,'13,7700,3600,2400,0,0,0,0,0,0,13700
중마동,대광로제비앙3차아파트,진등2길,'13,7700,4000,2700,0,0,0,0,0,0,14400
중마동,대광로제비앙3차아파트,진등2길,'13,8750,3800,2400,0,0,0,0,0,0,14950
중마동,대광로제비앙3차아파트,진등2길,'13,8400,4000,2700,0,0,0,0,0,0,15100
중마동,대광로제비앙3차아파트,진등2길,'13,9100,4000,2700,60000,0,0,0,0,0,75800
중마동,대광로제비앙3차아파트,진등2길,'13,8400,4000,2700,0,0,0,0,0,0,15100
중마동,대광로제비앙3차아파트,진등2길,'13,8400,3600,3000,0,0,0,0,0,0,15000
중마동,대광로제비앙3차아파트,진등2길,'13,9100,4400,3000,0,0,0,0,0,0,16500
중마동,대광로제비앙3차아파트,진등2길,'13,9100,4000,2700,0,0,0,0,0,0,15800
중마동,대광로제비앙3차아파트,진등2길,'13,7700,3800,2700,0,0,0,0,0,0,14200
중마동,대광로제비앙3차아파트,진등2길,'13,8400,3800,2400,0,0,0,0,0,0,14600
중마동,대광로제비앙3차아파트,진등2길,'13,8400,3400,2400,0,0,0,0,0,0,14200
중마동,대광로제비앙3차아파트,진등2길,'13,8400,3800,2400,0,0,0,0,0,0,14600
중마동,대광로제비앙3차아파트,진등2길,'13,8400,3600,2400,0,0,0,0,0,0,14400
중마동,광양써니밸리아파트,사동로,'139,57960,17240,23760,22500,36000,0,0,0,0,157460
중마동,광양써니밸리아파트,사동로,'139,60270,18520,18570,30000,0,0,0,0,0,127360
중마동,광양써니밸리아파트,사동로,'139,64260,8760,5940,12000,0,0,0,0,0,90960
중마동,광양써니밸리아파트,사동로,'139,65100,29000,20700,90000,0,0,0,0,0,204800
중마동,광양써니밸리아파트,사동로,'139,55650,24200,17700,0,0,0,0,0,0,97550
중마동,광양써니밸리아파트,사동로,'139,32900,13600,9000,60000,0,0,0,0,0,115500
중마동,광양써니밸리아파트,사동로,'139,10850,4400,3000,0,0,0,0,0,0,18250
중마동,광양써니밸리아파트,사동로,'139,10500,4600,3150,30000,0,0,0,0,0,48250
중마동,광양써니밸리아파트,사동로,'139,52850,22080,15420,22500,0,0,0,0,0,112850
중마동,광양써니밸리아파트,사동로,'139,4900,2720,1560,22500,0,0,0,0,0,31680
광영동,광영상아아파트,금영로,'182,14350,16800,10800,0,0,0,0,0,0,41950
중마동,진아리채2차아파트,중마1길,'21,264600,253200,0,0,0,0,0,0,0,517800
중마동,진아리채2차아파트,중마1길,'21,102900,99600,0,0,0,0,0,0,0,202500
중마동,진아리채2차아파트,중마1길,'21,129500,362400,0,0,0,0,0,0,0,491900
중마동,진아리채2차아파트,중마1길,'21,207900,390400,0,30000,0,0,8000,0,0,636300
중마동,진아리채2차아파트,중마1길,'21,340200,93560,25890,60000,0,0,63000,0,0,582650
중마동,진아리채2차아파트,중마1길,'21,128100,7920,8640,0,0,0,18800,0,0,163460
중마동,남양파크아파트,중마로,'210,21910,10680,6180,0,25200,0,0,0,0,63970
중마동,남양파크아파트,중마로,'210,22470,11400,7080,0,6400,0,0,0,0,47350
중마동,남양파크아파트,중마로,'210,24920,12320,8040,0,0,0,0,0,0,45280
중마동,남양파크아파트,중마로,'210,18410,6320,6180,0,0,0,0,0,0,30910
중마동,남양파크아파트,중마로,'210,25900,11600,11280,37500,0,0,0,0,0,86280
중마동,남양파크아파트,중마로,'210,25620,11120,10800,0,0,0,0,0,0,47540
중마동,남양파크아파트,중마로,'210,26530,11120,10800,0,0,0,0,0,0,48450
중마동,남양파크아파트,중마로,'210,21840,9440,9390,37500,0,0,0,0,0,78170
중마동,남양파크아파트,중마로,'210,29400,12400,12600,0,0,0,0,0,0,54400
중마동,남양파크아파트,중마로,'210,26950,11400,11100,0,0,0,0,23700,0,73150
중마동,남양파크아파트,중마로,'210,54600,24000,22800,30000,0,0,0,60300,0,191700
중마동,남양파크아파트,중마로,'210,8750,3600,3750,0,0,0,0,0,0,16100
중마동,남양파크아파트,중마로,'210,8750,3600,3600,0,0,0,0,9600,0,25550
중마동,중마노르웨이숲아파트,자자길,'23,9800,3600,3300,0,0,0,0,0,0,16700
중마동,중마노르웨이숲아파트,자작길,'23,6650,5600,2760,45000,5400,0,0,0,0,65410
중마동,중마노르웨이숲아파트,자작길,'23,6300,4480,2610,30000,7400,0,0,0,0,50790
중마동,중마노르웨이숲아파트,자작길,'23,11060,6480,2160,0,0,0,0,0,0,19700
중마동,중마노르웨이숲아파트,자작길,'23,6650,5200,2520,0,0,0,0,0,0,14370
중마동,중마노르웨이숲아파트,자작길,'23,7560,6160,3600,0,0,0,0,0,0,17320
중마동,중마노르웨이숲아파트,자작길,'23,14350,5080,4560,0,0,0,0,0,0,23990
중마동,중마노르웨이숲아파트,자작길,'23,10780,3800,3510,0,0,0,0,0,0,18090
중마동,중마노르웨이숲아파트,자작길,'23,4340,1400,1200,0,0,0,0,0,0,6940
중마동,중마노르웨이숲아파트,자작길,'23,11130,5200,2760,90000,0,0,0,0,0,109090
중마동,중마노르웨이숲아파트,자작길,'23,11200,5400,4650,45000,0,0,0,0,0,66250
중마동,중마노르웨이숲아파트,자작길,'23,10150,4920,4200,0,0,0,0,0,0,19270
중마동,중마노르웨이숲아파트,자작길,'23,9100,5120,4350,0,0,0,0,0,0,18570
중마동,중마노르웨이숲아파트,자작길,'23,10360,5000,4200,0,0,0,0,0,0,19560
중마동,중마노르웨이숲아파트,자작길,'23,10360,5120,4350,0,0,0,0,0,0,19830
중마동,중마노르웨이숲아파트,자작길,'23,10360,4920,4200,0,0,0,0,0,0,19480
중마동,중마노르웨이숲아파트,자작길,'23,10710,5120,4350,30000,0,0,0,0,0,50180
중마동,중마노르웨이숲아파트,자작길,'23,10640,5120,4350,0,0,0,0,0,0,20110
중마동,중마노르웨이숲아파트,자작길,'23,10360,4920,4200,0,0,0,0,0,0,19480
중마동,중마노르웨이숲아파트,자작길,'23,10500,5120,4350,0,0,0,0,0,0,19970
중마동,중마노르웨이숲아파트,자작길,'23,10360,4920,4200,0,0,0,0,0,0,19480
중마동,중마노르웨이숲아파트,자작길,'23,6300,2800,2400,82500,0,0,0,0,0,94000
중마동,중마노르웨이숲아파트,자작길,'23,15400,7200,6300,0,0,0,0,0,0,28900
중마동,중마노르웨이숲아파트,자작길,'23,10500,4800,4200,0,0,0,0,0,0,19500
중마동,중마노르웨이숲아파트,자작길,'23,9800,4800,4350,0,0,0,0,0,0,18950
중마동,중마노르웨이숲아파트,자작길,'23,9800,5200,4500,0,0,0,0,0,0,19500
중마동,중마노르웨이숲아파트,자작길,'23,9800,5200,4500,0,0,0,0,0,0,19500
중마동,중마노르웨이숲아파트,자작길,'23,9100,5600,4350,0,0,0,0,0,0,19050
중마동,중마노르웨이숲아파트,자작길,'23,9450,5600,4350,0,0,0,0,0,0,19400
중마동,중마노르웨이숲아파트,자작길,'23,9800,6000,4500,0,0,0,3000,0,0,23300
중마동,중마노르웨이숲아파트,자작길,'23,9450,5800,4500,0,0,0,0,0,0,19750
중마동,중마노르웨이숲아파트,자작길,'23,9800,6000,4500,0,0,0,0,0,0,20300
중마동,중마노르웨이숲아파트,자작길,'23,9800,6000,4500,0,0,0,0,0,0,20300
중마동,중마노르웨이숲아파트,자작길,'23,9800,6000,4500,0,0,0,0,0,0,20300
중마동,중마노르웨이숲아파트,자작길,'23,10150,6000,4740,0,0,0,0,0,0,20890
중마동,중마노르웨이숲아파트,자작길,'23,10500,6400,4800,0,0,0,0,0,0,21700
중마동,중마노르웨이숲아파트,자작길,'23,10150,6200,4500,0,0,0,0,0,0,20850
중마동,중마노르웨이숲아파트,자작길,'23,10500,6200,4800,0,0,0,0,0,0,21500
중마동,중마노르웨이숲아파트,자작길 ,'23,6440,5800,3360,0,0,0,0,0,0,15600
중마동,무등파크맨션아파트,중마로,'230,59850,34400,24000,90000,0,108000,0,290400,0,606650
중마동,무등파크맨션아파트,중마로,'230,22400,13200,9300,0,0,0,0,128400,0,173300
중마동,무등파크맨션아파트,중마로,'230,11200,6400,4500,0,0,0,0,152100,0,174200
중마동,무등파크맨션아파트,중마로,'230,12040,6000,4350,0,0,0,0,49500,0,71890
중마동,무등파크맨션아파트,중마로,'230,7350,4280,4260,0,9000,0,0,0,0,24890
중마동,무등파크맨션아파트,중마로,'230,13440,6400,4260,0,9000,0,0,30000,0,63100
중마동,무등파크맨션아파트,중마로,'230,9800,3680,3960,0,10400,0,0,63000,0,90840
중마동,무등파크맨션아파트,중마로,'230,14490,5600,3630,0,9000,0,0,30900,0,63620
중마동,무등파크맨션아파트,중마로,'230,12320,6000,3630,0,0,0,0,28800,0,50750
중마동,무등파크맨션아파트,중마로,'230,10640,7040,4260,0,0,0,0,40800,0,62740
중마동,무등파크맨션아파트,중마로,'230,10500,5480,4260,0,0,0,0,26100,0,46340
중마동,무등파크맨션아파트,중마로,'230,12180,6240,3600,60000,0,0,0,57600,0,139620
중마동,무등파크맨션아파트,중마로,'230,14000,8280,4350,0,0,0,0,42000,0,68630
중마동,무등파크맨션아파트,중마로,'230,10500,5960,3810,0,0,60000,0,0,0,80270
중마동,무등파크맨션아파트,중마로,'230,10500,5400,5160,0,0,0,0,41100,0,62160
중마동,무등파크맨션아파트,중마로,'230,4340,1960,1410,0,0,0,0,0,0,7710
중마동,무등파크맨션아파트,중마로,'230,12250,6400,4500,60000,0,0,0,0,0,83150
중마동,무등파크맨션아파트,중마로,'230,11550,6000,4140,0,0,0,0,34500,0,56190
중마동,무등파크맨션아파트,중마로,'230,11900,6200,4260,57000,0,0,0,33600,0,112960
중마동,무등파크맨션아파트,중마로,'230,11550,6000,4140,0,0,0,0,45000,0,66690
중마동,무등파크맨션아파트,중마로,'230,11760,6000,4260,0,0,0,0,33000,0,55020
중마동,무등파크맨션아파트,중마로,'230,11760,6000,4140,0,0,0,0,0,0,21900
중마동,무등파크맨션아파트,중마로,'230,11760,6200,4140,37500,0,0,0,31500,0,91100
중마동,무등파크맨션아파트,중마로,'230,11760,6000,4140,0,0,0,0,31500,0,53400
중마동,무등파크맨션아파트,중마로,'230,11900,6200,4350,0,0,0,0,34500,0,56950
중마동,무등파크맨션아파트,중마로,'230,4760,3280,2100,0,0,0,0,0,0,10140
중마동,무등파크맨션아파트,중마로,'230,22750,13000,9000,0,0,0,0,199800,0,244550
중마동,무등파크맨션아파트,중마로,'230,11200,6200,4200,90000,0,0,0,24000,0,135600
중마동,무등파크맨션아파트,중마로,'230,11900,6200,4200,0,0,0,0,36000,0,58300
중마동,무등파크맨션아파트,중마로,'230,11900,6080,4200,0,0,0,0,57000,0,79180
중마동,무등파크맨션아파트,중마로 ,'230,11900,6000,4200,0,0,0,0,58500,0,80600
중마동,무등파크맨션아파트,중마로 ,'230,11900,6080,4200,0,0,0,0,66000,0,88180
중마동,무등파크맨션아파트,중마로 ,'230,11900,6400,4350,30000,0,0,0,84000,0,136650
중마동,중마부영1차아파트,동광길,'30,14700,4800,3150,0,0,0,0,0,0,22650
중마동,중마부영1차아파트,동광길,'30,67200,56000,0,0,0,0,0,0,0,123200
중마동,중마부영1차아파트,동광길,'30,28700,10280,5910,0,0,0,0,0,0,44890
중마동,중마부영1차아파트,동광길,'30,103600,76000,0,0,0,0,0,0,0,179600
중마동,중마부영1차아파트,동광길,'30,187600,174800,0,0,0,0,0,0,0,362400
중마동,중마부영1차아파트,동광길,'30,59850,23000,16200,120000,0,0,0,0,0,219050
중마동,중마부영1차아파트,동광길,'30,29750,14200,9150,0,0,0,0,0,0,53100
중마동,중마부영1차아파트,동광길,'30,34300,24800,15150,0,0,0,24000,0,0,98250
중마동,중마부영1차아파트,동광길,'30,15400,5200,3450,0,0,0,0,0,0,24050
중마동,중마부영1차아파트,동광길,'30,77700,56400,0,0,0,0,0,0,0,134100
중마동,마동주공아파트,진등6길,'31,85890,46240,26070,19500,26800,0,0,0,0,204500
중마동,덕진광양의봄1단지아파트,중마로,'367,6300,3000,1800,0,0,0,0,0,0,11100
중마동,덕진광양의봄1단지아파트,중마로,'367,6370,2600,2160,15000,6200,0,0,0,0,32330
중마동,덕진광양의봄1단지아파트,중마로,'367,7490,3600,2160,0,0,0,0,0,0,13250
중마동,덕진광양의봄1단지아파트,중마로,'367,5950,3640,2250,0,6400,0,0,0,0,18240
중마동,덕진광양의봄1단지아파트,중마로,'367,5950,4280,2760,0,0,0,0,0,0,12990
중마동,덕진광양의봄1단지아파트,중마로,'367,7490,3800,2160,0,0,0,0,0,0,13450
중마동,덕진광양의봄1단지아파트,중마로,'367,7980,3200,2160,0,0,0,0,0,0,13340
중마동,덕진광양의봄1단지아파트,중마로,'367,9800,3800,2160,0,0,0,0,0,0,15760
중마동,덕진광양의봄1단지아파트,중마로,'367,12040,3800,2640,0,0,0,0,0,0,18480
중마동,덕진광양의봄1단지아파트,중마로,'367,4900,3800,1860,0,0,0,0,0,0,10560
중마동,덕진광양의봄1단지아파트,중마로,'367,9100,3200,2760,0,0,0,0,0,0,15060
중마동,덕진광양의봄1단지아파트,중마로,'367,2450,1080,960,0,0,0,0,0,0,4490
중마동,덕진광양의봄1단지아파트,중마로,'367,7700,3400,3000,30000,0,0,0,0,0,44100
중마동,덕진광양의봄1단지아파트,중마로,'367,7000,2800,2490,0,0,0,0,0,0,12290
중마동,덕진광양의봄1단지아파트,중마로,'367,7630,3120,2640,0,0,0,0,0,0,13390
중마동,덕진광양의봄1단지아파트,중마로,'367,7280,2800,2490,0,0,0,0,0,0,12570
중마동,덕진광양의봄1단지아파트,중마로,'367,7000,3120,2670,0,0,0,0,0,0,12790
중마동,덕진광양의봄1단지아파트,중마로,'367,7210,2800,2490,0,0,0,0,0,0,12500
중마동,덕진광양의봄1단지아파트,중마로,'367,7210,3000,2670,30000,0,0,0,0,0,42880
중마동,덕진광양의봄1단지아파트,중마로,'367,7560,3120,2640,0,0,0,0,0,0,13320
중마동,덕진광양의봄1단지아파트,중마로,'367,7210,2800,2490,0,0,0,0,0,0,12500
중마동,덕진광양의봄1단지아파트,중마로,'367,7210,3120,2670,0,0,0,0,0,0,13000
중마동,덕진광양의봄1단지아파트,중마로,'367,7210,2800,2490,0,0,0,0,0,0,12500
중마동,덕진광양의봄1단지아파트,중마로,'367,3710,1600,1260,22500,0,0,0,0,0,29070
중마동,덕진광양의봄1단지아파트,중마로,'367,10500,4400,3900,0,0,0,3000,0,0,21800
중마동,덕진광양의봄1단지아파트,중마로,'367,7000,3000,2400,0,0,0,2000,0,0,14400
중마동,덕진광양의봄1단지아파트,중마로,'367,6300,2800,2400,0,0,0,2000,0,0,13500
중마동,덕진광양의봄1단지아파트,중마로,'367,6300,3200,2700,0,0,0,2000,0,0,14200
중마동,덕진광양의봄1단지아파트,중마로,'367,5600,4000,2400,0,0,0,2000,0,0,14000
중마동,덕진광양의봄1단지아파트,중마로,'367,5600,4000,2550,0,0,0,3000,0,0,15150
중마동,덕진광양의봄1단지아파트,중마로,'367,6300,4400,2700,0,0,0,4000,0,0,17400
중마동,덕진광양의봄1단지아파트,중마로,'367,6300,4000,2550,0,0,0,4000,0,0,16850
중마동,덕진광양의봄1단지아파트,중마로,'367,6300,4400,2700,0,0,0,4000,0,0,17400
중마동,덕진광양의봄1단지아파트,중마로,'367,6300,4400,2700,0,0,0,4000,0,0,17400
중마동,덕진광양의봄1단지아파트,중마로,'367,6300,4400,2700,0,0,0,4000,0,0,17400
중마동,덕진광양의봄1단지아파트,중마로,'367,6650,4600,3000,0,0,0,4000,0,0,18250
중마동,덕진광양의봄1단지아파트,중마로,'367,12600,9280,5760,0,0,0,4600,0,0,32240
중마동,덕진광양의봄1단지아파트,중마로,'367,7000,4600,2850,0,0,0,8000,0,0,22450
중마동,덕진광양의봄2단지아파트,중마로,'369,9800,4000,2700,0,0,0,0,0,0,16500
중마동,덕진광양의봄2단지아파트,중마로,'369,6650,3120,3210,0,0,0,0,0,0,12980
중마동,덕진광양의봄2단지아파트,중마로,'369,7560,3160,2760,0,8400,0,0,0,0,21880
중마동,덕진광양의봄2단지아파트,중마로,'369,7280,3920,3600,0,6400,0,0,0,0,21200
중마동,덕진광양의봄2단지아파트,중마로,'369,10500,5280,2760,0,0,0,0,0,0,18540
중마동,덕진광양의봄2단지아파트,중마로,'369,9100,5000,2730,0,0,0,0,0,0,16830
중마동,덕진광양의봄2단지아파트,중마로,'369,9590,5160,2760,0,0,0,0,0,0,17510
중마동,덕진광양의봄2단지아파트,중마로,'369,9100,6040,3210,0,0,0,0,0,0,18350
중마동,덕진광양의봄2단지아파트,중마로,'369,10500,5680,3210,0,0,0,0,0,0,19390
중마동,덕진광양의봄2단지아파트,중마로,'369,11130,3800,3360,0,0,0,0,0,0,18290
중마동,덕진광양의봄2단지아파트,중마로,'369,3990,1600,1260,0,0,0,0,0,0,6850
중마동,덕진광양의봄2단지아파트,중마로,'369,9590,4280,4260,0,0,0,0,0,0,18130
중마동,덕진광양의봄2단지아파트,중마로,'369,10850,5000,4500,30000,0,0,0,0,0,50350
중마동,덕진광양의봄2단지아파트,중마로,'369,10150,4400,4140,0,0,0,0,0,0,18690
중마동,덕진광양의봄2단지아파트,중마로,'369,10360,4800,4350,0,0,0,0,0,0,19510
중마동,덕진광양의봄2단지아파트,중마로,'369,10500,4560,4140,0,0,0,0,34500,0,53700
중마동,덕진광양의봄2단지아파트,중마로,'369,10360,4720,4260,0,0,0,0,0,0,19340
중마동,덕진광양의봄2단지아파트,중마로,'369,10360,4480,4140,0,0,0,0,0,0,18980
중마동,덕진광양의봄2단지아파트,중마로,'369,10360,4720,4260,0,0,0,0,0,0,19340
중마동,덕진광양의봄2단지아파트,중마로,'369,10360,4800,4350,0,0,0,0,0,0,19510
중마동,덕진광양의봄2단지아파트,중마로,'369,10360,4400,4140,0,0,0,0,0,0,18900
중마동,덕진광양의봄2단지아파트,중마로,'369,10500,4800,4440,0,0,0,0,0,0,19740
중마동,덕진광양의봄2단지아파트,중마로,'369,10150,4480,4140,0,0,0,0,0,0,18770
중마동,덕진광양의봄2단지아파트,중마로,'369,5600,2400,2100,0,0,0,0,0,0,10100
중마동,덕진광양의봄2단지아파트,중마로,'369,15400,7000,6300,30000,0,0,4000,0,0,62700
중마동,덕진광양의봄2단지아파트,중마로,'369,10500,4600,4200,0,0,0,3000,0,0,22300
중마동,덕진광양의봄2단지아파트,중마로,'369,9800,4400,4350,0,0,0,5000,0,0,23550
중마동,덕진광양의봄2단지아파트,중마로,'369,9100,4800,4500,0,0,0,3000,0,0,21400
중마동,덕진광양의봄2단지아파트,중마로,'369,9800,4800,4050,0,0,0,3000,0,0,21650
중마동,덕진광양의봄2단지아파트,중마로,'369,9450,4800,4200,0,0,0,2000,0,0,20450
중마동,덕진광양의봄2단지아파트,중마로,'369,9660,4800,4200,0,0,0,3000,0,0,21660
중마동,덕진광양의봄2단지아파트,중마로,'369,9730,5200,4500,0,0,0,4000,0,0,23430
중마동,덕진광양의봄2단지아파트,중마로,'369,9800,5200,4200,0,0,0,4000,0,0,23200
중마동,덕진광양의봄2단지아파트,중마로,'369,6300,5200,5400,0,0,0,8000,0,0,24900
중마동,덕진광양의봄2단지아파트,중마로,'369,6300,5600,5400,0,0,0,8000,0,0,25300
중마동,덕진광양의봄2단지아파트,중마로,'369,6300,5600,5400,0,0,0,8000,0,0,25300
중마동,덕진광양의봄2단지아파트,중마로,'369,6650,5800,5550,0,0,0,0,0,0,18000
중마동,덕진광양의봄2단지아파트,중마로,'369,12600,6000,3300,0,0,0,0,0,0,21900
중마동,덕진광양의봄2단지아파트,중마로,'369,6440,5800,5700,0,0,0,8600,0,0,26540
중마동,덕진광양의봄2단지아파트,중마로,'369,7000,6000,5550,0,0,0,10000,0,0,28550
중마동,선우아파트,중동로,'37,25760,9920,6510,15000,12000,0,0,0,0,69190
중마동,선우아파트,중동로,'37,30660,14760,10680,0,13000,0,0,0,0,69100
중마동,선우아파트,중동로,'37,46550,24680,17790,30000,0,0,0,0,0,119020
중마동,선우아파트,중동로,'37,83300,44160,35250,0,0,0,0,0,0,162710
중마동,광양시중마지구호반리젠시빌,공영로,'39,26600,10200,13650,0,0,0,0,0,0,50450
중마동,광양시중마지구호반리젠시빌,공영로,'39,21000,9400,10800,0,0,0,0,0,0,41200
중마동,광양시중마지구호반리젠시빌,공영로,'39,34370,14120,17760,0,0,0,0,0,0,66250
중마동,광양시중마지구호반리젠시빌,공영로,'39,27160,12600,14850,30000,0,0,0,0,0,84610
중마동,광양시중마지구호반리젠시빌,공영로,'39,24360,10520,13890,0,0,0,0,0,0,48770
중마동,광양시중마지구호반리젠시빌,공영로,'39,9100,4000,4800,0,0,0,0,0,0,17900
중마동,광양시중마지구호반리젠시빌,공영로,'39,9100,4000,4800,0,0,0,0,0,0,17900
중마동,광양시중마지구호반리젠시빌,공영로,'39,9100,4000,4800,0,0,0,0,0,0,17900
중마동,광양시중마지구호반리젠시빌,공영로,'39,9100,0,7800,0,0,0,0,0,0,16900
중마동,태완노블리안아파트,마장1길,'4,38640,17200,0,30000,15400,0,0,0,0,101240
중마동,태완노블리안아파트,마장1길,'4,28000,22400,0,0,0,0,0,0,0,50400
중마동,태완노블리안아파트,마장1길,'4,28700,20800,0,0,0,0,0,0,0,49500
중마동,태완노블리안아파트,마장1길,'4,86800,57600,0,0,0,0,0,0,0,144400
중마동,태완노블리안아파트,마장1길,'4,58100,41200,0,0,0,0,0,0,0,99300
중마동,태완노블리안아파트,마장1길,'4,31500,21200,0,0,0,0,0,0,0,52700
중마동,태완노블리안아파트,마장1길,'4,0,0,0,45000,168200,0,0,0,0,213200
중마동,태완노블리안아파트,마장1길,'4,0,0,0,90000,7000,0,0,0,0,97000
중마동,태완노블리안아파트,마장1길,'4,70000,0,0,0,0,0,0,0,0,70000
중마동,태완노블리안아파트,마장1길,'4,18900,0,0,0,0,0,0,0,0,18900
중마동,태완노블리안아파트,마장1길,'4,11900,18800,13050,60000,100000,0,0,0,0,203750
중마동,태완노블리안아파트,마장1길,'4,44800,10600,6900,30000,49000,0,0,0,0,141300
중마동,태완노블리안아파트,마장1길,'4,21000,8000,5550,60000,38000,0,8000,0,0,140550
중마동,태완노블리안아파트,마장1길,'4,49000,13680,9150,0,71000,0,13000,0,0,155830
중마동,태완노블리안아파트,마장1길,'4,87500,22800,16800,0,20000,0,23000,0,0,170100
중마동,태완노블리안아파트,마장1길,'4,87500,22800,16800,0,20000,0,23000,0,0,170100
중마동,태완노블리안아파트,마장1길,'4,51800,9600,7200,0,0,0,10000,0,0,78600
중마동,중마주공1차아파트,중마청룡길,'40,15400,9400,6450,0,0,0,0,0,0,31250
중마동,중마주공1차아파트,중마청룡길,'40,39900,24400,17400,0,0,0,0,0,0,81700
중마동,중마주공1차아파트,중마청룡길,'40,11900,7600,5400,0,0,0,0,0,0,24900
중마동,대광로제비앙1차아파트,진등길,'40,23730,8840,9090,0,22600,0,0,0,0,64260
중마동,대광로제비앙1차아파트,진등길,'40,25760,15640,9570,0,9400,0,0,0,0,60370
중마동,대광로제비앙1차아파트,진등길,'40,17500,10880,5370,30000,0,0,0,0,0,63750
중마동,대광로제비앙1차아파트,진등길,'40,21700,10120,5610,0,0,0,0,0,0,37430
중마동,대광로제비앙1차아파트,진등길,'40,17150,6600,5010,0,0,0,0,0,0,28760
중마동,대광로제비앙1차아파트,진등길,'40,11200,5400,4200,45000,0,0,0,0,0,65800
중마동,대광로제비앙1차아파트,진등길,'40,10150,4800,3840,0,0,0,0,0,0,18790
중마동,대광로제비앙1차아파트,진등길,'40,10710,5120,4050,0,0,0,0,0,0,19880
중마동,대광로제비앙1차아파트,진등길,'40,10150,4920,3840,0,0,0,0,0,0,18910
중마동,대광로제비앙1차아파트,진등길,'40,10360,5120,3960,0,0,0,0,0,0,19440
중마동,대광로제비앙1차아파트,진등길,'40,10360,4800,3750,0,0,0,0,0,0,18910
중마동,대광로제비앙1차아파트,진등길,'40,10640,5160,3840,22500,0,0,0,0,0,42140
중마동,대광로제비앙1차아파트,진등길,'40,10150,5200,4050,0,0,0,0,0,0,19400
중마동,대광로제비앙1차아파트,진등길,'40,10360,4920,3840,0,0,0,0,0,0,19120
중마동,대광로제비앙1차아파트,진등길,'40,10360,5200,3840,0,0,0,0,0,0,19400
중마동,대광로제비앙1차아파트,진등길,'40,10360,5200,3840,0,0,0,0,0,0,19400
중마동,대광로제비앙1차아파트,진등길,'40,5600,3000,2100,22500,0,0,0,0,0,33200
중마동,대광로제비앙1차아파트,진등길,'40,15400,7600,6000,0,0,0,3000,0,0,32000
중마동,대광로제비앙1차아파트,진등길,'40,10500,5200,3900,0,0,0,2000,0,0,21600
중마동,대광로제비앙1차아파트,진등길,'40,9800,5200,3600,0,0,0,4000,0,0,22600
중마동,대광로제비앙1차아파트,진등길,'40,11200,4800,3900,0,0,0,4000,0,0,23900
중마동,대광로제비앙1차아파트,진등길,'40,10500,4800,3900,0,0,0,3000,0,0,22200
중마동,대광로제비앙1차아파트,진등길,'40,10150,5000,4200,0,0,0,2000,0,0,21350
중마동,대광로제비앙1차아파트,진등길,'40,11200,5200,4200,30000,0,0,3000,0,0,53600
중마동,대광로제비앙1차아파트,진등길,'40,11200,5200,4200,0,0,0,3000,0,0,23600
중마동,대광로제비앙1차아파트,진등길,'40,10500,5200,4200,0,0,30000,3000,0,0,52900
중마동,대광로제비앙1차아파트,진등길,'40,11200,5200,4200,0,0,0,3000,0,0,23600
중마동,대광로제비앙1차아파트,진등길,'40,10500,5200,3900,0,0,0,4000,0,0,23600
중마동,대광로제비앙1차아파트,진등길,'40,11200,5200,4200,30000,0,0,3000,0,0,53600
중마동,대광로제비앙1차아파트,진등길,'40,10500,5000,3900,0,0,0,3000,0,0,22400
중마동,대광로제비앙1차아파트,진등길,'40,10500,5000,3900,0,0,0,3000,0,0,22400
중마동,대광로제비앙1차아파트,진등길,'40,10500,5000,3900,0,0,0,3000,0,0,22400
중마동,대광로제비앙1차아파트,진등길,'40,10500,5200,3900,30000,0,0,0,0,0,49600
중마동,중마시영아파트,용소1길 ,'5,84700,34600,33000,0,0,0,0,0,0,152300
중마동,중마시영아파트,용소1길 ,'5,26950,10600,9900,0,0,0,0,0,0,47450
중마동,중마시영아파트,용소1길 ,'5,66990,27440,20610,0,20600,0,0,0,0,135640
중마동,중마시영아파트,용소1길 ,'5,3640,1200,1260,0,0,0,0,0,0,6100
중마동,중마시영아파트,용소1길 ,'5,73780,28800,28440,3750,0,0,0,0,0,134770
중마동,송보파인빌6차아파트,진등6길,'51,165970,116800,0,105000,41600,0,0,0,0,429370
중마동,송보파인빌6차아파트,진등6길,'51,327320,196800,0,67500,0,96000,0,0,0,687620
중마동,송보파인빌6차아파트,진등6길,'51,195160,103600,0,60000,0,0,0,0,0,358760
중마동,송보파인빌6차아파트,진등6길,'51,265230,176000,0,97500,0,0,0,0,0,538730
중마동,송보파인빌6차아파트,진등6길,'51,185430,138000,0,45000,0,0,0,0,0,368430
중마동,송보파인빌6차아파트,진등6길,'51,126910,91600,0,60000,0,0,0,0,0,278510
중마동,송보파인빌6차아파트,진등6길,'51,62300,18800,13200,90000,0,0,0,0,0,184300
중마동,송보파인빌6차아파트,진등6길,'51,347200,30800,20100,90000,0,120000,0,0,0,608100
중마동,송보파인빌6차아파트,진등6길,'51,9800,4800,3000,0,0,0,0,0,0,17600
중마동,송보파인빌6차아파트,진등6길,'51,9800,4800,3600,0,0,0,0,0,0,18200
중마동,송보파인빌5차아파트,진등길,'55-5,16520,0,0,0,25400,0,0,0,0,41920
중마동,송보파인빌5차아파트,진등길,'55-5,36820,0,0,90000,0,0,0,0,0,126820
중마동,송보파인빌5차아파트,진등길,'55-5,42280,0,0,0,8000,0,0,0,0,50280
중마동,송보파인빌5차아파트,진등길,'55-5,2940,0,0,60000,0,0,0,0,0,62940
중마동,송보파인빌5차아파트,진등길,'55-5,32760,0,0,67500,0,0,0,0,0,100260
중마동,송보파인빌5차아파트,진등길,'55-5,42000,0,0,37500,0,0,0,0,0,79500
중마동,송보파인빌5차아파트,진등길,'55-5,48160,0,0,57000,0,0,0,0,0,105160
중마동,송보파인빌5차아파트,진등길,'55-5,76650,39400,17550,60000,0,0,24000,0,0,217600
중마동,송보파인빌5차아파트,진등길,'55-5,42000,22800,15900,60000,0,0,15000,0,0,155700
중마동,송보파인빌5차아파트,진등길,'55-5,10500,5600,3600,30000,0,0,4000,0,0,53700
중마동,송보파인빌5차아파트,진등길,'55-5,31850,16800,9900,0,0,0,8000,0,0,66550
중마동,대광로제비앙2차아파트,진등3길,'6,6440,4840,2100,0,6200,0,0,0,0,19580
중마동,대광로제비앙2차아파트,진등3길,'6,4900,3680,3900,0,10400,0,0,0,0,22880
중마동,대광로제비앙2차아파트,진등3길,'6,6300,5200,2760,0,6400,0,0,0,0,20660
중마동,대광로제비앙2차아파트,진등3길,'6,10920,3840,3720,0,10200,0,0,0,0,28680
중마동,대광로제비앙2차아파트,진등3길,'6,6860,7040,4200,0,0,0,0,0,0,18100
중마동,대광로제비앙2차아파트,진등3길,'6,10290,6240,3600,0,0,0,0,0,0,20130
중마동,대광로제비앙2차아파트,진등3길,'6,12180,5840,2760,0,0,0,0,0,0,20780
중마동,대광로제비앙2차아파트,진등3길,'6,8750,6400,4560,0,0,0,0,0,0,19710
중마동,대광로제비앙2차아파트,진등3길,'6,14350,7000,4260,0,0,0,0,0,0,25610
중마동,대광로제비앙2차아파트,진등3길,'6,10150,3800,3510,0,0,0,0,0,0,17460
중마동,대광로제비앙2차아파트,진등3길,'6,9800,6600,4260,0,0,0,0,0,0,20660
중마동,대광로제비앙2차아파트,진등3길,'6,2800,2280,960,60000,0,0,0,0,0,66040
중마동,대광로제비앙2차아파트,진등3길,'6,10150,6000,4050,0,0,0,0,0,0,20200
중마동,대광로제비앙2차아파트,진등3길,'6,9660,5720,3600,0,0,0,0,0,0,18980
중마동,대광로제비앙2차아파트,진등3길,'6,10150,5920,3840,27000,0,0,0,0,0,46910
중마동,대광로제비앙2차아파트,진등3길,'6,9940,5600,3690,0,0,0,0,0,0,19230
중마동,대광로제비앙2차아파트,진등3길,'6,9940,5720,3840,0,0,0,0,0,0,19500
중마동,대광로제비앙2차아파트,진등3길,'6,9660,5680,3600,0,0,0,0,0,0,18940
중마동,대광로제비앙2차아파트,진등3길,'6,9660,5720,3840,15000,0,0,0,0,0,34220
중마동,대광로제비앙2차아파트,진등3길,'6,10150,5600,3840,0,0,0,0,0,0,19590
중마동,대광로제비앙2차아파트,진등3길,'6,9660,5680,3690,0,0,0,0,0,0,19030
중마동,대광로제비앙2차아파트,진등3길,'6,9940,5920,3720,0,0,0,0,0,0,19580
중마동,대광로제비앙2차아파트,진등3길,'6,9940,5720,3600,0,0,0,0,0,0,19260
중마동,대광로제비앙2차아파트,진등3길,'6,5600,3120,2100,60000,0,0,0,0,0,70820
중마동,대광로제비앙2차아파트,진등3길,'6,14700,8400,5700,0,0,30000,0,0,0,58800
중마동,대광로제비앙2차아파트,진등3길,'6,9800,5600,3600,0,0,0,0,0,0,19000
중마동,대광로제비앙2차아파트,진등3길,'6,9800,6000,3900,0,0,0,0,0,0,19700
중마동,대광로제비앙2차아파트,진등3길,'6,9100,6000,4200,30000,0,0,0,0,0,49300
중마동,대광로제비앙2차아파트,진등3길,'6,9800,6000,3600,0,0,0,0,0,0,19400
중마동,대광로제비앙2차아파트,진등3길,'6,9100,5800,3900,0,0,0,0,0,0,18800
중마동,대광로제비앙2차아파트,진등3길,'6,10500,6000,3900,0,0,0,0,0,0,20400
중마동,대광로제비앙2차아파트,진등3길,'6,9800,6000,3900,0,0,0,0,0,0,19700
중마동,대광로제비앙2차아파트,진등3길,'6,11200,6000,4200,30000,0,0,0,0,0,51400
중마동,대광로제비앙2차아파트,진등3길,'6,10500,5600,4200,0,0,0,0,0,0,20300
중마동,대광로제비앙2차아파트,진등3길,'6,9800,6000,3900,0,0,0,0,0,0,19700
중마동,대광로제비앙2차아파트,진등3길,'6,9800,5800,3900,0,0,0,0,0,0,19500
중마동,대광로제비앙2차아파트,진등3길,'6,9800,5800,3750,0,0,0,0,0,0,19350
중마동,대광로제비앙2차아파트,진등3길,'6,9800,5800,3750,0,0,0,0,0,0,19350
중마동,대광로제비앙2차아파트,진등3길,'6,9800,5800,3750,0,0,0,0,0,0,19350
중마동,대광로제비앙2차아파트,진등3길,'6,10150,6000,3750,0,0,0,0,0,0,19900
중마동,e편한세상광양아파트,시청로,'62,65800,57600,0,0,0,0,0,0,0,123400
중마동,e편한세상광양아파트,시청로,'62,65100,58000,0,52500,0,30000,0,0,0,205600
중마동,e편한세상광양아파트,시청로,'62,32200,29200,0,0,0,0,0,0,0,61400
중마동,e편한세상광양아파트,시청로,'62,66500,60800,0,0,0,0,0,0,0,127300
중마동,e편한세상광양아파트,시청로,'62,66500,61600,0,0,0,0,0,0,0,128100
중마동,e편한세상광양아파트,시청로,'62,34300,31200,0,0,0,0,0,0,0,65500
중마동,e편한세상광양아파트,시청로,'62,99400,92000,0,37500,0,0,0,0,0,228900
중마동,e편한세상광양아파트,시청로,'62,240100,222400,0,0,0,0,0,0,0,462500
중마동,e편한세상광양아파트,시청로,'62,72100,66400,0,30000,0,0,0,0,0,168500
중마동,e편한세상광양아파트,시청로,'62,73500,66400,0,0,0,30000,0,0,0,169900
중마동,e편한세상광양아파트,시청로,'62,66150,9200,7050,0,0,0,23000,0,0,105400
중마동,e편한세상광양아파트,시청로,'62,166250,10600,7500,21000,0,0,26000,0,0,231350
중마동,e편한세상광양아파트,시청로,'62,158900,7400,5400,30000,0,0,17000,0,0,218700
중마동,e편한세상광양아파트,시청로,'62,142170,11600,8250,0,0,0,25000,0,0,187020
중마동,송보파인빌뷰아파트,진등길,'64,21770,13360,6900,0,22800,0,0,0,0,64830
중마동,송보파인빌뷰아파트,진등길,'64,30030,15280,8970,0,8400,0,0,0,0,62680
중마동,송보파인빌뷰아파트,진등길,'64,32760,16240,6480,0,0,0,0,0,0,55480
중마동,송보파인빌뷰아파트,진등길,'64,25060,9760,8130,0,0,0,0,0,0,42950
중마동,송보파인빌뷰아파트,진등길,'64,21000,15200,12930,30000,0,0,0,0,0,79130
중마동,송보파인빌뷰아파트,진등길,'64,21070,14600,12630,0,0,0,0,0,0,48300
중마동,송보파인빌뷰아파트,진등길,'64,21070,14440,12750,30000,0,0,0,0,0,78260
중마동,송보파인빌뷰아파트,진등길,'64,18340,12520,10620,22500,0,0,0,0,0,63980
중마동,송보파인빌뷰아파트,진등길,'64,25200,17800,14850,0,0,0,0,0,0,57850
중마동,송보파인빌뷰아파트,진등길,'64,22750,15600,13350,30000,0,0,0,0,0,81700
중마동,송보파인빌뷰아파트,진등길,'64,22400,16000,13800,0,0,0,0,0,0,52200
중마동,송보파인빌뷰아파트,진등길,'64,26600,15200,13800,0,0,0,0,0,0,55600
중마동,송보파인빌뷰아파트,진등길,'64,21000,14400,12600,0,0,0,0,0,0,48000
중마동,중마우림필유아파트,눈소4길,'65,56000,0,0,0,0,0,0,0,0,56000
중마동,중마우림필유아파트,눈소4길,'65,0,0,0,90000,0,0,0,0,0,90000
중마동,중마우림필유아파트,눈소4길,'65,0,4000,3900,60000,0,0,0,0,0,67900
중마동,중마우림필유아파트,눈소4길,'65,0,8400,7680,0,0,0,0,0,0,16080
중마동,중마우림필유아파트,눈소4길,'65,0,16320,16950,60000,0,60000,0,0,0,153270
중마동,중마우림필유아파트,눈소4길,'65,0,3920,3840,75000,0,0,0,0,0,82760
중마동,중마우림필유아파트,눈소4길,'65,149100,8400,8400,0,0,0,0,0,0,165900
중마동,중마우림필유아파트,눈소4길 ,'65,0,4400,4200,0,0,0,0,0,0,8600
중마동,중마우림필유아파트,눈소4길 ,'65,0,4000,4200,0,0,0,0,0,0,8200
중마동,진아리채1차아파트,중마중앙1길,'65,72870,40080,26760,70500,18400,0,0,0,0,228610
중마동,진아리채1차아파트,중마중앙1길,'65,71750,40280,27840,60000,0,0,0,0,0,199870
중마동,진아리채1차아파트,중마중앙1길,'65,84630,48800,35400,0,0,0,8000,0,0,176830
중마동,성호2차아파트,광장로,'70,52780,18840,30120,0,0,0,0,0,0,101740
중마동,성호2차아파트,광장로,'70,32200,10600,16200,120000,0,0,0,0,0,179000
중마동,성호2차아파트,광장로,'70,31150,10600,16050,90000,0,0,0,0,0,147800
중마동,성호2차아파트,광장로,'70,32550,10800,16200,0,0,0,0,0,0,59550
중마동,성호2차아파트,광장로,'70,68250,27200,40950,120000,0,0,0,0,0,256400
중마동,성호2차아파트,광장로,'70,32620,13680,17670,150000,0,0,0,0,0,213970
중마동,성호2차아파트,광장로,'70,35840,14280,19200,0,0,0,0,0,0,69320
중마동,성호2차아파트,광장로,'70,30100,10800,16500,0,0,0,0,0,0,57400
중마동,성호2차아파트,광장로,'70,99050,42720,62220,105000,0,0,0,0,0,308990
중마동,성호2차아파트,광장로,'70,24500,9200,13500,0,0,0,0,0,0,47200
중마동,성호2차아파트,광장로,'70,34650,11600,17550,22500,0,0,0,0,0,86300
중마동,성호2차아파트,광장로,'70,0,0,19890,0,0,0,0,0,0,19890
중마동,성호2차아파트,광장로,'70,27650,10440,16320,0,0,0,0,0,0,54410
중마동,성호2차아파트,광장로,'70,27860,12560,18570,0,0,0,0,0,0,58990
중마동,성호2차아파트,광장로,'70,29750,12320,17190,45000,0,0,0,0,0,104260
중마동,성호2차아파트,광장로,'70,29400,12000,17700,0,0,0,0,0,0,59100
중마동,성호2차아파트,광장로 ,'70,26950,11120,16800,120000,0,72000,0,0,0,246870
중마동,성호2차아파트,광장로 ,'70,28700,13600,19050,67500,0,72000,0,0,0,200850
중마동,성호2차아파트,광장로 ,'70,31500,9800,22200,0,0,0,0,0,0,63500
중마동,신원아르시스아파트,진등길,'80,4200,2200,2160,0,5400,0,0,0,0,13960
중마동,신원아르시스아파트,진등길,'80,6580,3520,1710,0,9000,0,0,0,0,20810
중마동,신원아르시스아파트,진등길,'80,7560,3600,1560,0,5400,0,0,0,0,18120
중마동,신원아르시스아파트,진등길,'80,6300,3360,2100,0,8400,0,0,0,0,20160
중마동,신원아르시스아파트,진등길,'80,4900,3760,1560,0,0,0,0,0,0,10220
중마동,신원아르시스아파트,진등길,'80,8400,3880,1560,0,0,0,0,0,0,13840
중마동,신원아르시스아파트,진등길,'80,5880,4160,1860,0,0,0,0,0,0,11900
중마동,신원아르시스아파트,진등길,'80,8400,3600,3210,0,0,0,0,0,0,15210
중마동,신원아르시스아파트,진등길,'80,7350,3400,2160,0,0,0,0,0,0,12910
중마동,신원아르시스아파트,진등길,'80,7070,2360,2460,0,0,0,0,0,0,11890
중마동,신원아르시스아파트,진등길,'80,8470,3160,2550,0,0,0,0,0,0,14180
중마동,신원아르시스아파트,진등길,'80,2450,1080,1260,0,0,0,0,0,0,4790
중마동,신원아르시스아파트,진등길,'80,6440,3000,2700,0,0,0,0,0,0,12140
중마동,신원아르시스아파트,진등길,'80,6300,2600,2550,0,0,0,0,0,0,11450
중마동,신원아르시스아파트,진등길,'80,6860,2600,2640,45000,0,0,0,0,0,57100
중마동,신원아르시스아파트,진등길,'80,6300,2680,2550,0,0,0,0,0,0,11530
중마동,신원아르시스아파트,진등길,'80,6300,2600,2520,0,0,0,0,0,0,11420
중마동,신원아르시스아파트,진등길,'80,5600,2600,2340,0,0,0,0,0,0,10540
중마동,신원아르시스아파트,진등길,'80,5950,2400,2460,30000,0,0,0,0,0,40810
중마동,신원아르시스아파트,진등길,'80,5950,2600,2640,0,0,0,0,0,0,11190
중마동,신원아르시스아파트,진등길,'80,6300,2320,2400,0,0,0,0,0,0,11020
중마동,신원아르시스아파트,진등길,'80,6650,2400,2490,0,0,0,0,0,0,11540
중마동,신원아르시스아파트,진등길,'80,6230,2600,2340,0,0,0,0,0,0,11170
중마동,신원아르시스아파트,진등길,'80,3360,1280,1200,37500,0,0,0,0,0,43340
중마동,신원아르시스아파트,진등길,'80,8400,3200,3300,0,0,0,0,0,0,14900
중마동,신원아르시스아파트,진등길,'80,6300,2200,2400,0,0,0,0,0,0,10900
중마동,신원아르시스아파트,진등길,'80,6650,2800,2400,0,0,0,3000,0,0,14850
중마동,신원아르시스아파트,진등길,'80,5600,2800,2850,0,0,0,3000,0,0,14250
중마동,신원아르시스아파트,진등길,'80,7000,3000,2700,0,0,0,2000,0,0,14700
중마동,신원아르시스아파트,진등길,'80,6300,3400,3000,0,0,0,2000,0,0,14700
중마동,신원아르시스아파트,진등길,'80,7000,3200,3000,0,0,0,4000,0,0,17200
중마동,신원아르시스아파트,진등길,'80,7000,3200,3300,0,0,21000,4000,0,0,38500
중마동,신원아르시스아파트,진등길,'80,6650,3000,3000,0,0,15000,3000,0,0,30650
중마동,신원아르시스아파트,진등길,'80,7000,3200,3000,0,0,0,3000,0,0,16200
중마동,신원아르시스아파트,진등길,'80,7000,2800,2700,0,0,0,3000,0,0,15500
중마동,신원아르시스아파트,진등길,'80,7000,2800,2700,0,0,0,3000,0,0,15500
중마동,신원아르시스아파트,진등길,'80,6300,2400,2400,0,0,0,0,0,0,11100
중마동,신원아르시스아파트,진등길,'80,6300,2400,2400,0,0,0,3000,0,0,14100
중마동,신원아르시스아파트,진등길,'80,6300,2400,2400,0,0,0,0,0,0,11100
중마동,신원아르시스아파트,진등길,'80,6650,2600,2400,30000,0,0,0,0,0,41650
중마동,성호3차아파트,광장로,'84,87150,29800,18900,240000,0,0,0,0,0,375850
중마동,성호3차아파트,광장로,'84,103390,42360,23130,60000,0,0,0,0,0,228880
중마동,성호3차아파트,광장로,'84,104860,41440,24810,37500,0,0,73000,0,0,281610
중마동,성호3차아파트,광장로 ,'84,33600,11200,11700,0,0,0,24000,0,0,80500
중마동,중마부영2차아파트,행정1길,'9,22050,7000,10650,60000,6000,0,0,0,0,105700
중마동,중마부영2차아파트,행정1길,'9,54530,21800,30270,102000,18000,0,0,0,0,226600
중마동,중마부영2차아파트,행정1길,'9,75600,35200,46350,247500,0,0,0,0,0,404650
중마동,중마부영2차아파트,행정1길,'9,77700,40400,49200,60000,0,0,0,0,0,227300
태인동,태인부영아파트,태인길,'1,5600,1800,1740,0,15000,0,0,0,0,24140
태인동,태인부영아파트,태인길,'1,5040,1640,1500,0,13600,0,0,0,0,21780
태인동,태인부영아파트,태인길,'1,5600,1760,1770,0,14000,0,0,0,0,23130
태인동,태인부영아파트,태인길,'1,5600,1720,1500,30000,12000,0,0,0,0,50820
태인동,태인부영아파트,태인길,'1,6300,1760,1860,0,16000,0,0,0,0,25920
태인동,태인부영아파트,태인길,'1,5600,1920,1860,0,13800,0,0,0,0,23180
태인동,태인부영아파트,태인길,'1,6160,2000,1950,0,0,0,0,0,0,10110
태인동,태인부영아파트,태인길,'1,6160,2000,1950,0,0,0,0,0,0,10110
태인동,태인부영아파트,태인길,'1,7000,1920,1890,0,0,0,0,0,0,10810
태인동,태인부영아파트,태인길,'1,5600,2000,1800,0,0,0,0,0,0,9400
태인동,태인부영아파트,태인길,'1,5950,2320,1800,0,0,0,0,0,0,10070
태인동,태인부영아파트,태인길,'1,2730,1120,1200,0,0,0,0,0,0,5050
태인동,태인부영아파트,태인길,'1,6510,2200,2100,0,0,0,0,0,0,10810
태인동,태인부영아파트,태인길,'1,6160,2000,1950,0,0,0,0,0,0,10110
태인동,태인부영아파트,태인길,'1,6300,2400,2250,0,0,0,0,0,0,10950
태인동,태인부영아파트,태인길,'1,6650,2200,1950,0,0,0,0,0,0,10800
태인동,태인부영아파트,태인길,'1,6650,2200,2250,0,0,0,0,0,0,11100
태인동,태인부영아파트,태인길,'1,6300,2000,2100,0,0,0,0,0,0,10400
태인동,태인부영아파트,태인길,'1,6300,2000,2100,0,0,0,0,0,0,10400
태인동,태인부영아파트,태인길,'1,5250,4400,2700,0,0,0,8000,0,0,20350
태인동,태인부영아파트,태인길,'1,5600,4600,2850,0,0,0,9000,0,0,22050
태인동,태인부영아파트,태인길,'1,5600,4800,3000,0,0,0,0,0,0,13400
태인동,태인부영아파트,태인길,'1,5600,4600,3000,0,0,0,8000,0,0,21200
태인동,태인부영아파트,태인길,'1,6300,240,6600,0,0,0,8000,0,0,21140
태인동,태인부영아파트,태인길,'1,6300,2200,2100,0,0,0,0,0,0,10600
태인동,태인부영아파트,태인길,'1,6300,2800,2100,0,0,0,0,0,0,11200
태인동,태인부영아파트,태인길,'1,5250,2000,2100,0,0,0,0,0,0,9350
태인동,태인부영아파트,태인길,'1,6300,2800,2100,0,0,0,0,0,0,11200
태인동,태인부영아파트,태인길,'1,2800,1000,900,30000,0,0,0,0,0,34700
태인동,태인부영아파트,태인길,'1,6230,2000,1950,0,0,0,0,0,0,10180
태인동,태인부영아파트,태인길,'1,5600,2000,1950,0,0,0,0,0,0,9550
태인동,태인부영아파트,태인길,'1,5600,2400,1950,0,0,0,0,0,0,9950
태인동,태인부영아파트,태인길,'1,5600,2600,2100,0,0,0,0,0,0,10300
태인동,태인부영아파트,태인길,'1,8400,2400,2250,0,0,0,7000,0,0,20050
태인동,태인부영아파트,태인길,'1,4900,4400,2700,0,0,0,6000,0,0,18000
태인동,태인부영아파트,태인길,'1,5250,4400,2700,0,0,0,7000,0,0,19350
태인동,태인부영아파트,태인길,'1,5250,4400,2700,0,0,0,8000,0,0,20350
태인동,태인부영아파트,태인길,'1,5600,4800,2700,0,0,0,8000,0,0,21100
태인동,태인부영아파트,태인길,'1,5250,4400,2700,0,0,0,8000,0,0,20350
태인동,태인부영아파트,태인길,'1,5250,4400,2700,0,0,0,8000,0,0,20350
태인동,태인부영아파트,태인길,'1,5600,4360,2850,0,0,0,9000,0,0,21810
태인동,선미태인하이츠아파트,담안2길,'36-10,4900,2080,1950,0,16400,0,0,0,0,25330
태인동,선미태인하이츠아파트,담안2길,'36-10,4340,1880,1860,0,14400,0,0,0,0,22480
태인동,선미태인하이츠아파트,담안2길,'36-10,4550,2200,1980,105000,16000,0,0,0,0,129730
태인동,선미태인하이츠아파트,담안2길,'36-10,4410,2120,1950,0,15000,0,0,0,0,23480
태인동,선미태인하이츠아파트,담안2길,'36-10,4550,2320,2100,0,14000,0,0,0,0,22970
태인동,선미태인하이츠아파트,담안2길,'36-10,4900,2200,2100,12000,9600,0,0,0,0,30800
태인동,선미태인하이츠아파트,담안2길,'36-10,4900,2480,2100,0,0,0,0,0,0,9480
태인동,선미태인하이츠아파트,담안2길,'36-10,7000,2600,2100,0,0,0,0,0,0,11700
태인동,선미태인하이츠아파트,담안2길,'36-10,6860,2400,2040,0,0,0,0,0,0,11300
태인동,선미태인하이츠아파트,담안2길,'36-10,7000,2400,2040,0,0,0,0,0,0,11440
태인동,선미태인하이츠아파트,담안2길,'36-10,6650,2400,2040,0,0,0,0,0,0,11090
태인동,선미태인하이츠아파트,담안2길,'36-10,3150,1400,1200,45000,0,0,0,0,0,50750
태인동,선미태인하이츠아파트,담안2길,'36-10,7350,2680,2250,0,0,0,0,0,0,12280
태인동,선미태인하이츠아파트,담안2길,'36-10,7000,2480,2100,0,0,0,0,0,0,11580
태인동,선미태인하이츠아파트,담안2길,'36-10,7000,2600,2250,0,0,0,0,0,0,11850
태인동,선미태인하이츠아파트,담안2길,'36-10,6650,2400,2100,0,0,0,0,0,0,11150
태인동,선미태인하이츠아파트,담안2길,'36-10,7000,2600,2100,0,0,0,0,0,0,11700
태인동,선미태인하이츠아파트,담안2길,'36-10,6300,2400,1950,0,0,30000,0,0,0,40650
태인동,선미태인하이츠아파트,담안2길,'36-10,6300,2800,2100,0,0,0,0,0,0,11200
태인동,선미태인하이츠아파트,담안2길,'36-10,7700,2800,2250,0,0,0,0,0,0,12750
태인동,선미태인하이츠아파트,담안2길,'36-10,7000,3200,2400,0,0,0,0,0,0,12600
태인동,선미태인하이츠아파트,담안2길,'36-10,6300,2400,2100,0,0,0,0,0,0,10800
태인동,선미태인하이츠아파트,담안2길,'36-10,7000,3200,2100,0,0,0,0,0,0,12300
태인동,선미태인하이츠아파트,담안2길,'36-10,3500,1200,1050,30000,0,0,0,0,0,35750
태인동,선미태인하이츠아파트,담안2길,'36-10,7000,2600,2100,0,0,0,6000,0,0,17700
태인동,선미태인하이츠아파트,담안2길,'36-10,7000,2400,2100,0,0,0,0,0,0,11500
태인동,선미태인하이츠아파트,담안2길,'36-10,7000,2600,2100,0,0,0,5000,0,0,16700
태인동,선미태인하이츠아파트,담안2길,'36-10,7700,2600,2250,0,0,0,6000,0,0,18550
태인동,선미태인하이츠아파트,담안2길,'36-10,8400,2400,2250,0,0,0,7000,0,0,20050
태인동,선미태인하이츠아파트,담안2길,'36-10,9100,2800,2400,0,0,0,6000,0,0,20300
태인동,선미태인하이츠아파트,담안2길,'36-10,9450,3000,2400,0,0,0,6000,0,0,20850
태인동,선미태인하이츠아파트,담안2길,'36-10,9800,3200,2550,0,0,0,7000,0,0,22550
태인동,선미태인하이츠아파트,담안2길,'36-10,9800,3200,2700,0,0,0,8000,0,0,23700
태인동,선미태인하이츠아파트,담안2길,'36-10,9800,3200,2550,0,0,0,7000,0,0,22550
태인동,선미태인하이츠아파트,담안2길,'36-10,9800,3400,2550,0,0,0,8000,0,0,23750
태인동,선미태인하이츠아파트,담안2길,'36-10,9800,3400,2550,60000,0,0,8000,0,0,83750
태인동,선미태인하이츠아파트,담안2길,'36-10,9800,3560,2700,0,0,0,9000,0,0,25060
태인동,선미태인하이츠아파트,담안2길,'36-10,9450,3600,2760,0,0,0,8600,0,0,24410
태인동,선미태인하이츠아파트,담안2길,'36-10,10500,3800,2700,0,0,0,8000,0,0,25000
태인동,선미태인하이츠아파트,담안2길,'36-10,10500,3600,2700,0,0,0,8000,0,0,24800
태인동,선미태인하이츠아파트,담안2길,'36-10,10500,960,5400,0,0,0,8000,0,0,24860
